Hotel,Locality,Downtown(km),Rating,Price(₹),Link
"Ramada Plaza By Wyndham, Chandigarh Zirakpur",Chandīgarh,7.5 km from downtown,7.7,5000,https://www.booking.com/hotel/in/ramada-plaza-chandigarh-zirakpur-chandigarh11.html?aid=355028&ucfs=1&arphpl=1&checkin=2025-05-16&checkout=2025-05-17&dest_id=-2092770&dest_type=city&group_adults=2&req_adults=2&no_rooms=1&group_children=0&req_children=0&hpos=1&hapos=1&sr_order=popularity&srpvid=accc2f03d13f0307&srepoch=1746600081&all_sr_blocks=136515314_295932579_2_41_0_908737&highlighted_blocks=136515314_295932579_2_41_0_908737&matching_block_id=136515314_295932579_2_41_0_908737&sr_pri_blocks=136515314_295932579_2_41_0_908737_500000&from=searchresults
Hyatt Centric Sector17 Chandigarh,Chandīgarh,0.9 km from downtown,8.5,8550,https://www.booking.com/hotel/in/park-plaza-chandigarh.html?aid=355028&ucfs=1&arphpl=1&checkin=2025-05-16&checkout=2025-05-17&dest_id=-2092770&dest_type=city&group_adults=2&req_adults=2&no_rooms=1&group_children=0&req_children=0&hpos=2&hapos=2&sr_order=popularity&srpvid=accc2f03d13f0307&srepoch=1746600081&all_sr_blocks=39922212_145405683_2_42_0&highlighted_blocks=39922212_145405683_2_42_0&matching_block_id=39922212_145405683_2_42_0&sr_pri_blocks=39922212_145405683_2_42_0__855000&nad_id=87a9ddb7-aee6-4cbb-bbaa-e6ac365c6331_0&nad_cpc=0.5&nad_track=eyJhdWN0aW9uRXBvY2giOjE3NDY2MDAwNzE4NDEsInJhbmsiOjEsImtvZGRpVHJhY2tpbmdJbmZvIjoicms5N3FBdHNBWUxMZzI0cFNYQ3dZYi9VWk9VYWxoa1YyR1JMUlI4Y2J5MnM0R3ZQcDJmUGZnVWZMUk91V1dCRGRoTmlxSVNHV0F5U2pDeXFlVzhMOFprWXdSNXdqekM4cVp1VUNzTTVUcFJ6djBzQi95OUFRdHAzUjhFbnZNQTJDQVpud2lNSk1SdVZvODZqTXU4dWRYa0VwRkMrcElEMThkbHZELzIrZWFPSzBRVkhuVHhiWmNlQTdmOWpGYzk4YVlYbFQ5cHFWS3VHY2l6MjhWSmVhcGx6WjI5WklmbGd6VENKd2IvQ0liVk1SL1YxOWFZZWpaYjJEbHROU0ZSRmNqTmhHUkUzZlptaHM5bHBkWEZkOGJpVDdBd3V0NWVwbmRaQVpCTUV5SjA1REVCdGlkVkdzOVpLOW9pR2w0bEZHb0Q4VHljbGNJVzRIYlFFNjI0K1QvMFhxdHRtNGx1T1NRQndBanc4K0tEbFI4Uy82Sm9tOG1NT1JSK0lSaXR5NDUxbHJuL29sc2JlenI4V0dNVGNxM2RYenE5VFMvNTgwR1VsOGdTQndqZitCY0t4RlZKMjh1MEFIenBHdEN3a2hweDlkbG9nV0JTQkVLQlVNcStIWkJON2dBSmJPb3NrMXhaeDJwVGsvSDlFTkZpZzdINzBGOUVIT2t2WnBWYUVIdEdyTUR2dU5JOFN4OFR4ZEFPMjJvR21SZVQxVG8yZW5pUTNrdlVlRkF0TkdZS3haN0lYYVVEUE8yMXpRbjh5cU9heFhtMVExWFFpTjh1cjZhSFJMd0g3Qzd1UklGOWdnWVZBQTk0eWdRM0RBMFV2SXhYbU5BQnRPMWVkTEpJYWlJVndjTVFKdWtNWVp3QllOa1dhV1FvVmNKS01WbkV4QlZEeWQ1ZUxET0JVQ1NxSnhabXlOV002Z0Z5WUl1Sy90RU1HVjBGNjlSYmJvYS9keTVKMElhR0hjclNBVWROeW1MejRyMEppOGh6OG5uOC9jZjBWOWl4MjhVMlNkU1BvSUx3NStlV1dHMTFGWDNVYkV4UlJtVUszRGZlV0plblZ3Y3hVT1J2MTBBbDVOMVYzOXlYbTBHQ0dRNDNFTVMzT24xR2lzN1NBMjZNTUZZMUxWTDMyS2g3VGlhL3FnRzR3c0tvWEpOMGRVdFFiS1B5eUhQMzROM21JeW80eEVzQ3lVZENxd1NPSk14SVdNc05VeWNCVnp2bTU1UWNHSHJ2bzFKNE1wNUNhTkxqUlllbHRMSzZYMUI5Y1BtdTVBekd3dkpVOWxQNS9KY0p4aUdTc1FRbnNONUFjbG1YYU4yVGRYakhwZUhwK0RvTnE0ZHFrY3BUNFFjdytKMkdCVFRnRFRBWUFORnlsTkJKeXRCelJVZGE3TGM4TFpoTnd6MndVL3NFQ3czMVJkQmVuNmlKZ1FWV1M0TWF1UXpvOTRrVXQ4NUJaSVpUYzJUdzlzNm1xMFdRZnhNckN1Q1NqejFpdjVHakk1WFlIZUZ6bWtnVmUreVNjbmJtVVJRa251Z3Rwc0F2M09BUW5oejloRzNSOEFidXlxV05lS2l6Y2Jud1Q2L2hoMkIzVXNOTTcyVmQwUTd4RlZXZkIxbkdXL3p2T1dvSExDM1o4SFI4aGhGTFJPdkVlai9BakdnR3Vab3haWGt0NzhodFJVZlFpYm9lRlZtcVNEbjM1YlhzNU43QkxicGZpY3kyVFdHRXMxMHNDa1k4blRLWmF1eTJ3YzAxSEtQaHdPZW5VNmZoYi9ib1Z3N2RCMWFYYXQwV3k3djZQWjBkNGtiNFBKSllwalZYclFncjhVWGVMNzhTODdrODVzWWxYWEowdU5Ra0lETGpxNlErbnlOd3oyU1BhVDduVU4xaVZuOUFqY3JCbFpnYm1peElKRVEwTkdwRTM0QzVGQ1BOaEVHZWl0ZFZwTGo0YXE1SVdEVUprdy9JYzVGYjdxTzB2Q3l4QnhLazIveXUyei83ckJjSFZrdU9aMU1UazFOcHNNSUFzV0MycmV5ZGlKbkY2dVJQTE1QWEN3aG4raTM4UGVINzgvT1dTUy93NEcrZzM3dHBNVk1IY1MrNHM2eWFNbGdPWCs5YncwdzJVazRLSGE1c3NtMytJK0p5MGEwckF4WmxITTNjVzV2dHhsVFdVa1c3NVBDOUdrMWRIZ2U2RkRnRUY4dDV0SDJoQmd5cUVvR2lLcGZ6aVlqbnhpempUNWNtcUZnQXdzTWVMNy9TL2xOUWRyVzJWOHFnSkJWUVphU1FpWWIxajgyT3RJWFJsVktEei8wV2NTMHJicFV6N1BpUCtoaE1pQWs2cXB2MXhtYWFHa2RvRHBxUzdiOStwbkRnby9QOFJmZ0dEYmRWTHgzdFJDdmlWVXZTblZGYmRRK1N2U1o0M0NoN2ZCeVdVNTZsZDdkQzc3eW9wTkl6NENVdE5LMDB4V1Y0MGdyU0ZWUFVXOWFPbndmSjQycHJscHpHQ05xbjhiT1hnRUhjNHBKV2xXOEtpRXg2RTVmb01LWEZQZjBSNFJ5UTVXSUdzdHNEUW93WDFBQWdibGtGYnRHYWduVGZEdWZHSlhCOGczNTVTUnh5YTlVNTJMUkYvTFFEQ3dlOUxxSlQzNnlldHJuK3lSQXozT3V2UGdZbXVvY295L0dWVE03WkU1dlBDbXNrTFpDU2NpajhETE9USURBbG5sWHNJbTRDcGFyY0I1ck1KaDg0cDVMNmxVM3puK2tlZkxCKzQ4NXpQRThhWDR5VitJZGhuS3RVZno0MzlLVjFPeFNzTTVkVVJCb0hnVjVMb3g2MVpGc3RMc2NabzdmQ2tvQUdVZ0FyVXBUNGV5b1p6aHd0eGRXeFBhN1pwRHdxVnlhTGxMdnFsNmJwWDBCL1JOSTNjMFJzVE5tTjVaVFV5dXAyeHpqb25RYkR5VnBOWmgzbkdlcXQ5dlFGemNlNnlteitDK2NyeGpzcHc4Y1hPeUNHcmVHZGZ2VTNETjZ3SE1wMU9zVURZb041bi9tUUFNRTh6Ykg4YXdXYXVvcm14emdqaS8yNFVIMENDTG9GU0JDTHBSRG5POWNnL2NPK2xIMDE0MmJjbmhEUWNra0UxWEFzZjBwTFN5U2ZxdHRHWGlFMHVjTkNwMkVRdVhZTDM2Zm9ESWhiQWtIOUUzeGRzSWdoenpod29RbkJVSzhHYzhOekFHaHBhdVQ1SVkvYlJjYWszZW5IYUlmeGptMU9vSlA2bm1rODRidFZZdVJjbWhlRFh0WnFZSmpYWEEyejJ1S0lKU1d1MSthbVk3clJsVmxSVmNSdG5QOFpuWHA4ZysrOGxLQXJvdU0veU9QaXRRQjBZaGpIUXRZbjVtQUVXWkVHVWpMYVBrTWVBOHVxcGNxMWhSZ3hlVW1CTXFJVlJkL25xRUVzRE5KK2hsbmRJTHc9PSJ9&from=searchresults
Hyatt Regency Chandigarh,Chandīgarh,3.8 km from downtown,8.6,9350,https://www.booking.com/hotel/in/hyatt-regency-chandigarh.html?aid=355028&ucfs=1&arphpl=1&checkin=2025-05-16&checkout=2025-05-17&dest_id=-2092770&dest_type=city&group_adults=2&req_adults=2&no_rooms=1&group_children=0&req_children=0&hpos=3&hapos=3&sr_order=popularity&srpvid=accc2f03d13f0307&srepoch=1746600081&all_sr_blocks=156035904_93852157_2_42_0&highlighted_blocks=156035904_93852157_2_42_0&matching_block_id=156035904_93852157_2_42_0&sr_pri_blocks=156035904_93852157_2_42_0__935000&from=searchresults
Hotel Vaishali,Chandīgarh,4.5 km from downtown,8.6,1019,https://www.booking.com/hotel/in/vaishali-chandigarh1.html?aid=355028&ucfs=1&arphpl=1&checkin=2025-05-16&checkout=2025-05-17&dest_id=-2092770&dest_type=city&group_adults=2&req_adults=2&no_rooms=1&group_children=0&req_children=0&hpos=4&hapos=4&sr_order=popularity&srpvid=accc2f03d13f0307&srepoch=1746600081&all_sr_blocks=1408757601_412654681_2_0_0&highlighted_blocks=1408757601_412654681_2_0_0&matching_block_id=1408757601_412654681_2_0_0&sr_pri_blocks=1408757601_412654681_2_0_0__101915&from=searchresults
Radisson Chandigarh Zirakpur,Chandīgarh,11.1 km from downtown,6.8,7100,https://www.booking.com/hotel/in/radisson-chandigrah-zirakpur.html?aid=355028&ucfs=1&arphpl=1&checkin=2025-05-16&checkout=2025-05-17&dest_id=-2092770&dest_type=city&group_adults=2&req_adults=2&no_rooms=1&group_children=0&req_children=0&hpos=5&hapos=5&sr_order=popularity&srpvid=accc2f03d13f0307&srepoch=1746600081&all_sr_blocks=349689004_328590769_2_41_0&highlighted_blocks=349689004_328590769_2_41_0&matching_block_id=349689004_328590769_2_41_0&sr_pri_blocks=349689004_328590769_2_41_0__710000&from=searchresults
FabHotel Diplomat,Chandīgarh,4 km from downtown,6.8,1562,https://www.booking.com/hotel/in/fabhotel-diplomat.html?aid=355028&ucfs=1&arphpl=1&checkin=2025-05-16&checkout=2025-05-17&dest_id=-2092770&dest_type=city&group_adults=2&req_adults=2&no_rooms=1&group_children=0&req_children=0&hpos=6&hapos=6&sr_order=popularity&srpvid=accc2f03d13f0307&srepoch=1746600081&all_sr_blocks=1406405301_412543756_2_0_0&highlighted_blocks=1406405301_412543756_2_0_0&matching_block_id=1406405301_412543756_2_0_0&sr_pri_blocks=1406405301_412543756_2_0_0__156214&from=searchresults
Glades Hotel,Chandīgarh,6.4 km from downtown,8.2,3400,https://www.booking.com/hotel/in/glades.html?aid=355028&ucfs=1&arphpl=1&checkin=2025-05-16&checkout=2025-05-17&dest_id=-2092770&dest_type=city&group_adults=2&req_adults=2&no_rooms=1&group_children=0&req_children=0&hpos=7&hapos=7&sr_order=popularity&srpvid=accc2f03d13f0307&srepoch=1746600081&all_sr_blocks=201150609_335348435_2_10_0&highlighted_blocks=201150609_335348435_2_10_0&matching_block_id=201150609_335348435_2_10_0&sr_pri_blocks=201150609_335348435_2_10_0__340000&from=searchresults
Radisson RED Chandigarh Mohali,Chandīgarh,7.2 km from downtown,8.6,6750,https://www.booking.com/hotel/in/radisson-red-chandigarh-mohali.html?aid=355028&ucfs=1&arphpl=1&checkin=2025-05-16&checkout=2025-05-17&dest_id=-2092770&dest_type=city&group_adults=2&req_adults=2&no_rooms=1&group_children=0&req_children=0&hpos=8&hapos=8&sr_order=popularity&srpvid=accc2f03d13f0307&srepoch=1746600081&all_sr_blocks=788547203_338481870_2_2_0&highlighted_blocks=788547203_338481870_2_2_0&matching_block_id=788547203_338481870_2_2_0&sr_pri_blocks=788547203_338481870_2_2_0__675000&from=searchresults
FabHotel Enjoy 35,Chandīgarh,3.3 km from downtown,8.6,2803,https://www.booking.com/hotel/in/fabhotel-enjoy-35.html?aid=355028&ucfs=1&arphpl=1&checkin=2025-05-16&checkout=2025-05-17&dest_id=-2092770&dest_type=city&group_adults=2&req_adults=2&no_rooms=1&group_children=0&req_children=0&hpos=9&hapos=9&sr_order=popularity&srpvid=accc2f03d13f0307&srepoch=1746600081&all_sr_blocks=1406403102_412542022_2_0_0&highlighted_blocks=1406403102_412542022_2_0_0&matching_block_id=1406403102_412542022_2_0_0&sr_pri_blocks=1406403102_412542022_2_0_0__280280&from=searchresults
Novotel Chandigarh Tribune Chowk,Chandīgarh,3.9 km from downtown,8.4,7000,https://www.booking.com/hotel/in/novotel-chandigarh-tribune-chowk.html?aid=355028&ucfs=1&arphpl=1&checkin=2025-05-16&checkout=2025-05-17&dest_id=-2092770&dest_type=city&group_adults=2&req_adults=2&no_rooms=1&group_children=0&req_children=0&hpos=10&hapos=10&sr_order=popularity&srpvid=accc2f03d13f0307&srepoch=1746600081&all_sr_blocks=795021104_339824641_2_34_0&highlighted_blocks=795021104_339824641_2_34_0&matching_block_id=795021104_339824641_2_34_0&sr_pri_blocks=795021104_339824641_2_34_0__700000&from=searchresults
Hotel O SAINIK GUEST HOUSE,Chandīgarh,5.3 km from downtown,8.4,1905,https://www.booking.com/hotel/in/o-sainik-guest-house.html?aid=355028&ucfs=1&arphpl=1&checkin=2025-05-16&checkout=2025-05-17&dest_id=-2092770&dest_type=city&group_adults=2&req_adults=2&no_rooms=1&group_children=0&req_children=0&hpos=11&hapos=11&sr_order=popularity&srpvid=accc2f03d13f0307&srepoch=1746600081&all_sr_blocks=1407050603_412480026_2_0_0&highlighted_blocks=1407050603_412480026_2_0_0&matching_block_id=1407050603_412480026_2_0_0&sr_pri_blocks=1407050603_412480026_2_0_0__190506&from=searchresults
JW Marriott Hotel Chandigarh,Chandīgarh,2.3 km from downtown,8.1,10500,https://www.booking.com/hotel/in/jw-marriott-chandigarh.html?aid=355028&ucfs=1&arphpl=1&checkin=2025-05-16&checkout=2025-05-17&dest_id=-2092770&dest_type=city&group_adults=2&req_adults=2&no_rooms=1&group_children=0&req_children=0&hpos=12&hapos=12&sr_order=popularity&srpvid=accc2f03d13f0307&srepoch=1746600081&all_sr_blocks=29905701_156441466_2_42_0&highlighted_blocks=29905701_156441466_2_42_0&matching_block_id=29905701_156441466_2_42_0&sr_pri_blocks=29905701_156441466_2_42_0__1050000&from=searchresults
Hotel Rajshree & Spa,Chandīgarh,3.9 km from downtown,7.3,3095,https://www.booking.com/hotel/in/rajshree.html?aid=355028&ucfs=1&arphpl=1&checkin=2025-05-16&checkout=2025-05-17&dest_id=-2092770&dest_type=city&group_adults=2&req_adults=2&no_rooms=1&group_children=0&req_children=0&hpos=13&hapos=13&sr_order=popularity&srpvid=accc2f03d13f0307&srepoch=1746600081&all_sr_blocks=54022601_410740804_2_42_0_591707&highlighted_blocks=54022601_410740804_2_42_0_591707&matching_block_id=54022601_410740804_2_42_0_591707&sr_pri_blocks=54022601_410740804_2_42_0_591707_309528&from=searchresults
Hotel The Pearl Grand - Top Rated ! Most Awarded ! Parking ! Lift ! Luxury Rooms ! Best Selling,Chandīgarh,10.1 km from downtown,6.5,1665,https://www.booking.com/hotel/in/sohan-guest-house.html?aid=355028&ucfs=1&arphpl=1&checkin=2025-05-16&checkout=2025-05-17&dest_id=-2092770&dest_type=city&group_adults=2&req_adults=2&no_rooms=1&group_children=0&req_children=0&hpos=14&hapos=14&sr_order=popularity&srpvid=accc2f03d13f0307&srepoch=1746600081&all_sr_blocks=1108102501_383717636_2_0_0&highlighted_blocks=1108102501_383717636_2_0_0&matching_block_id=1108102501_383717636_2_0_0&sr_pri_blocks=1108102501_383717636_2_0_0__166500&from=searchresults
Mercure Chandigarh Tribune Chowk,Chandīgarh,4.1 km from downtown,7.4,7125,https://www.booking.com/hotel/in/mercure-chandigarh-tribune-chowk.html?aid=355028&ucfs=1&arphpl=1&checkin=2025-05-16&checkout=2025-05-17&dest_id=-2092770&dest_type=city&group_adults=2&req_adults=2&no_rooms=1&group_children=0&req_children=0&hpos=15&hapos=15&sr_order=popularity&srpvid=accc2f03d13f0307&srepoch=1746600081&all_sr_blocks=62853909_88885372_2_42_0&highlighted_blocks=62853909_88885372_2_42_0&matching_block_id=62853909_88885372_2_42_0&sr_pri_blocks=62853909_88885372_2_42_0__712500&from=searchresults
The Lalit Chandigarh,Chandīgarh,5.2 km from downtown,8.0,9429,https://www.booking.com/hotel/in/the-lalit-chandigarh.html?aid=355028&ucfs=1&arphpl=1&checkin=2025-05-16&checkout=2025-05-17&dest_id=-2092770&dest_type=city&group_adults=2&req_adults=2&no_rooms=1&group_children=0&req_children=0&hpos=16&hapos=16&sr_order=popularity&srpvid=accc2f03d13f0307&srepoch=1746600081&all_sr_blocks=84221702_402861603_2_41_0_228770&highlighted_blocks=84221702_402861603_2_41_0_228770&matching_block_id=84221702_402861603_2_41_0_228770&sr_pri_blocks=84221702_402861603_2_41_0_228770_942918&from=searchresults
Hotel kb Square Near Chandigarh Railway Station,Chandīgarh,5.2 km from downtown,8.0,1100,https://www.booking.com/hotel/in/kb-square-chandigarh12345678910111213141516171819202122.html?aid=355028&ucfs=1&arphpl=1&checkin=2025-05-16&checkout=2025-05-17&dest_id=-2092770&dest_type=city&group_adults=2&req_adults=2&no_rooms=1&group_children=0&req_children=0&hpos=17&hapos=17&sr_order=popularity&srpvid=accc2f03d13f0307&srepoch=1746600081&all_sr_blocks=792187701_339003581_2_42_0&highlighted_blocks=792187701_339003581_2_42_0&matching_block_id=792187701_339003581_2_42_0&sr_pri_blocks=792187701_339003581_2_42_0__110000&from=searchresults
Park Plaza Chandigarh Zirakpur,Chandīgarh,11.5 km from downtown,7.2,5850,https://www.booking.com/hotel/in/park-plaza-zirakpur.html?aid=355028&ucfs=1&arphpl=1&checkin=2025-05-16&checkout=2025-05-17&dest_id=-2092770&dest_type=city&group_adults=2&req_adults=2&no_rooms=1&group_children=0&req_children=0&hpos=18&hapos=18&sr_order=popularity&srpvid=accc2f03d13f0307&srepoch=1746600081&all_sr_blocks=101711001_93772904_2_42_0&highlighted_blocks=101711001_93772904_2_42_0&matching_block_id=101711001_93772904_2_42_0&sr_pri_blocks=101711001_93772904_2_42_0__585000&from=searchresults
Hotel Woodlark Zirakpur Chandigarh !! Top Rated & Most Awarded Properties in Tricity !!,Chandīgarh,10.5 km from downtown,9.3,1620,https://www.booking.com/hotel/in/jai-durg.html?aid=355028&ucfs=1&arphpl=1&checkin=2025-05-16&checkout=2025-05-17&dest_id=-2092770&dest_type=city&group_adults=2&req_adults=2&no_rooms=1&group_children=0&req_children=0&hpos=19&hapos=19&sr_order=popularity&srpvid=accc2f03d13f0307&srepoch=1746600081&all_sr_blocks=1178167802_390326419_3_0_0&highlighted_blocks=1178167802_390326419_3_0_0&matching_block_id=1178167802_390326419_3_0_0&sr_pri_blocks=1178167802_390326419_3_0_0__162000&from=searchresults
Holiday Inn Chandigarh ZKP by IHG,Chandīgarh,11.4 km from downtown,8.3,5106,https://www.booking.com/hotel/in/holiday-inn-chandigarh-zirakpur.html?aid=355028&ucfs=1&arphpl=1&checkin=2025-05-16&checkout=2025-05-17&dest_id=-2092770&dest_type=city&group_adults=2&req_adults=2&no_rooms=1&group_children=0&req_children=0&hpos=20&hapos=20&sr_order=popularity&srpvid=accc2f03d13f0307&srepoch=1746600081&all_sr_blocks=699814207_288352346_2_34_0&highlighted_blocks=699814207_288352346_2_34_0&matching_block_id=699814207_288352346_2_34_0&sr_pri_blocks=699814207_288352346_2_34_0__510570&from=searchresults
Hotel Casa,Chandīgarh,8.5 km from downtown,6.1,1840,https://www.booking.com/hotel/in/casa-sahibzada-ajit-singh-nagar.html?aid=355028&ucfs=1&arphpl=1&checkin=2025-05-16&checkout=2025-05-17&dest_id=-2092770&dest_type=city&group_adults=2&req_adults=2&no_rooms=1&group_children=0&req_children=0&hpos=21&hapos=21&sr_order=popularity&srpvid=accc2f03d13f0307&srepoch=1746600081&all_sr_blocks=754147501_332090838_2_0_0&highlighted_blocks=754147501_332090838_2_0_0&matching_block_id=754147501_332090838_2_0_0&sr_pri_blocks=754147501_332090838_2_0_0__184000&from=searchresults
Regenta Central Cassia Zirakpur Chandigarh,Chandīgarh,10.1 km from downtown,7.7,4950,https://www.booking.com/hotel/in/regenta-central-cassia-zirakpur-chandigarh.html?aid=355028&ucfs=1&arphpl=1&checkin=2025-05-16&checkout=2025-05-17&dest_id=-2092770&dest_type=city&group_adults=2&req_adults=2&no_rooms=1&group_children=0&req_children=0&hpos=22&hapos=22&sr_order=popularity&srpvid=accc2f03d13f0307&srepoch=1746600081&all_sr_blocks=486984701_329063159_2_42_0_660213&highlighted_blocks=486984701_329063159_2_42_0_660213&matching_block_id=486984701_329063159_2_42_0_660213&sr_pri_blocks=486984701_329063159_2_42_0_660213_495000&from=searchresults
Lemon Tree Hotel Chandigarh,Chandīgarh,3.8 km from downtown,6.8,7231,https://www.booking.com/hotel/in/lemon-tree-chandigarh.html?aid=355028&ucfs=1&arphpl=1&checkin=2025-05-16&checkout=2025-05-17&dest_id=-2092770&dest_type=city&group_adults=2&req_adults=2&no_rooms=1&group_children=0&req_children=0&hpos=23&hapos=23&sr_order=popularity&srpvid=accc2f03d13f0307&srepoch=1746600081&all_sr_blocks=35501405_371632924_2_34_0&highlighted_blocks=35501405_371632924_2_34_0&matching_block_id=35501405_371632924_2_34_0&sr_pri_blocks=35501405_371632924_2_34_0__723100&from=searchresults
Staywell360,Chandīgarh,5 km from downtown,9.5,810,https://www.booking.com/hotel/in/staywell360.html?aid=355028&ucfs=1&arphpl=1&checkin=2025-05-16&checkout=2025-05-17&dest_id=-2092770&dest_type=city&group_adults=2&req_adults=2&no_rooms=1&group_children=0&req_children=0&hpos=24&hapos=24&sr_order=popularity&srpvid=accc2f03d13f0307&srepoch=1746600081&all_sr_blocks=961267603_368751677_2_2_0&highlighted_blocks=961267603_368751677_2_2_0&matching_block_id=961267603_368751677_2_2_0&sr_pri_blocks=961267603_368751677_2_2_0__81000&from=searchresults
Wyndham Chandigarh Mohali,Chandīgarh,7.8 km from downtown,8.6,12000,https://www.booking.com/hotel/in/wyndham-chandigarh-mohali.html?aid=355028&ucfs=1&arphpl=1&checkin=2025-05-16&checkout=2025-05-17&dest_id=-2092770&dest_type=city&group_adults=2&req_adults=2&no_rooms=1&group_children=0&req_children=0&hpos=25&hapos=25&sr_order=popularity&srpvid=accc2f03d13f0307&srepoch=1746600081&all_sr_blocks=790242604_338735142_2_42_0&highlighted_blocks=790242604_338735142_2_42_0&matching_block_id=790242604_338735142_2_42_0&sr_pri_blocks=790242604_338735142_2_42_0__1200000&from=searchresults
The Fern Residency - Chandigarh,Chandīgarh,4 km from downtown,7.2,5200,https://www.booking.com/hotel/in/the-fern-residency-chandigarh.html?aid=355028&ucfs=1&arphpl=1&checkin=2025-05-16&checkout=2025-05-17&dest_id=-2092770&dest_type=city&group_adults=2&req_adults=2&no_rooms=1&group_children=0&req_children=0&hpos=1&hapos=26&sr_order=popularity&srpvid=accc2f03d13f0307&srepoch=1746600078&all_sr_blocks=35225104_200888756_0_1_0&highlighted_blocks=35225104_200888756_0_1_0&matching_block_id=35225104_200888756_0_1_0&sr_pri_blocks=35225104_200888756_0_1_0__520000&from=searchresults
Hotel Lake View Chandigarh,Chandīgarh,4.2 km from downtown,6.9,1650,https://www.booking.com/hotel/in/lake-view-chandigarh.html?aid=355028&ucfs=1&arphpl=1&checkin=2025-05-16&checkout=2025-05-17&dest_id=-2092770&dest_type=city&group_adults=2&req_adults=2&no_rooms=1&group_children=0&req_children=0&hpos=2&hapos=27&sr_order=popularity&srpvid=accc2f03d13f0307&srepoch=1746600078&all_sr_blocks=1207493401_392940181_2_2_0_466167&highlighted_blocks=1207493401_392940181_2_2_0_466167&matching_block_id=1207493401_392940181_2_2_0_466167&sr_pri_blocks=1207493401_392940181_2_2_0_466167_165000&from=searchresults
Anchorage 42,Chandīgarh,1.6 km from downtown,9.4,7000,https://www.booking.com/hotel/in/anchorage-42.html?aid=355028&ucfs=1&arphpl=1&checkin=2025-05-16&checkout=2025-05-17&dest_id=-2092770&dest_type=city&group_adults=2&req_adults=2&no_rooms=1&group_children=0&req_children=0&hpos=3&hapos=28&sr_order=popularity&srpvid=accc2f03d13f0307&srepoch=1746600078&all_sr_blocks=947296603_373810997_2_1_0&highlighted_blocks=947296603_373810997_2_1_0&matching_block_id=947296603_373810997_2_1_0&sr_pri_blocks=947296603_373810997_2_1_0__700000&from=searchresults
JB Residency Zirakpur Chandigarh !! Family Rooms ! lift ! Balcony ! Banquet ! Parking ! Top Rated & Most Awarded,Chandīgarh,1.9 km from downtown,9.0,2720,https://www.booking.com/hotel/in/rohila-stay-amp-cafe.html?aid=355028&ucfs=1&arphpl=1&checkin=2025-05-16&checkout=2025-05-17&dest_id=-2092770&dest_type=city&group_adults=2&req_adults=2&no_rooms=1&group_children=0&req_children=0&hpos=4&hapos=29&sr_order=popularity&srpvid=accc2f03d13f0307&srepoch=1746600078&all_sr_blocks=1398593201_411725663_2_0_0&highlighted_blocks=1398593201_411725663_2_0_0&matching_block_id=1398593201_411725663_2_0_0&sr_pri_blocks=1398593201_411725663_2_0_0__272000&from=searchresults
Treebo Bombay Palace,Chandīgarh,6 km from downtown,6.5,1837,https://www.booking.com/hotel/in/bombay-palace-chandigarh.html?aid=355028&ucfs=1&arphpl=1&checkin=2025-05-16&checkout=2025-05-17&dest_id=-2092770&dest_type=city&group_adults=2&req_adults=2&no_rooms=1&group_children=0&req_children=0&hpos=5&hapos=30&sr_order=popularity&srpvid=accc2f03d13f0307&srepoch=1746600078&all_sr_blocks=136963503_399277645_2_1_0&highlighted_blocks=136963503_399277645_2_1_0&matching_block_id=136963503_399277645_2_1_0&sr_pri_blocks=136963503_399277645_2_1_0__183703&from=searchresults
Treebo JD Residency Mohali,Chandīgarh,8.1 km from downtown,6.5,1937,https://www.booking.com/hotel/in/oyo-10540-jd-residency.html?aid=355028&ucfs=1&arphpl=1&checkin=2025-05-16&checkout=2025-05-17&dest_id=-2092770&dest_type=city&group_adults=2&req_adults=2&no_rooms=1&group_children=0&req_children=0&hpos=6&hapos=31&sr_order=popularity&srpvid=accc2f03d13f0307&srepoch=1746600078&all_sr_blocks=311610402_397215007_2_1_0_473508&highlighted_blocks=311610402_397215007_2_1_0_473508&matching_block_id=311610402_397215007_2_1_0_473508&sr_pri_blocks=311610402_397215007_2_1_0_473508_193710&from=searchresults
HOTEL Royal Plaza,Chandīgarh,5.1 km from downtown,5.9,949,https://www.booking.com/hotel/in/royal-plaza-chandigarh2.html?aid=355028&ucfs=1&arphpl=1&checkin=2025-05-16&checkout=2025-05-17&dest_id=-2092770&dest_type=city&group_adults=2&req_adults=2&no_rooms=1&group_children=0&req_children=0&hpos=7&hapos=32&sr_order=popularity&srpvid=accc2f03d13f0307&srepoch=1746600078&all_sr_blocks=897768801_360436427_2_1_0&highlighted_blocks=897768801_360436427_2_1_0&matching_block_id=897768801_360436427_2_1_0&sr_pri_blocks=897768801_360436427_2_1_0__94905&from=searchresults
Hotel Seven- Center of City Chandigarh,Chandīgarh,1.1 km from downtown,6.7,2100,https://www.booking.com/hotel/in/seven-chandigarh.html?aid=355028&ucfs=1&arphpl=1&checkin=2025-05-16&checkout=2025-05-17&dest_id=-2092770&dest_type=city&group_adults=2&req_adults=2&no_rooms=1&group_children=0&req_children=0&hpos=8&hapos=33&sr_order=popularity&srpvid=accc2f03d13f0307&srepoch=1746600078&all_sr_blocks=679610001_277235211_0_42_0_461535&highlighted_blocks=679610001_277235211_0_42_0_461535&matching_block_id=679610001_277235211_0_42_0_461535&sr_pri_blocks=679610001_277235211_0_42_0_461535_210000&from=searchresults
Hotel City Heart Premium,Chandīgarh,250 m from downtown,6.7,3446,https://www.booking.com/hotel/in/city-heart-premium.html?aid=355028&ucfs=1&arphpl=1&checkin=2025-05-16&checkout=2025-05-17&dest_id=-2092770&dest_type=city&group_adults=2&req_adults=2&no_rooms=1&group_children=0&req_children=0&hpos=9&hapos=34&sr_order=popularity&srpvid=accc2f03d13f0307&srepoch=1746600078&all_sr_blocks=54003001_335390398_2_42_0&highlighted_blocks=54003001_335390398_2_42_0&matching_block_id=54003001_335390398_2_42_0&sr_pri_blocks=54003001_335390398_2_42_0__344625&from=searchresults
Treebo Premium Arista,Chandīgarh,10.7 km from downtown,7.4,3737,https://www.booking.com/hotel/in/arista.html?aid=355028&ucfs=1&arphpl=1&checkin=2025-05-16&checkout=2025-05-17&dest_id=-2092770&dest_type=city&group_adults=2&req_adults=2&no_rooms=1&group_children=0&req_children=0&hpos=10&hapos=35&sr_order=popularity&srpvid=accc2f03d13f0307&srepoch=1746600078&all_sr_blocks=215123904_392323741_2_1_0_796976&highlighted_blocks=215123904_392323741_2_1_0_796976&matching_block_id=215123904_392323741_2_1_0_796976&sr_pri_blocks=215123904_392323741_2_1_0_796976_373653&from=searchresults
Hotel VRS INNS,Chandīgarh,0.9 km from downtown,5.5,2200,https://www.booking.com/hotel/in/vrs-inns.html?aid=355028&ucfs=1&arphpl=1&checkin=2025-05-16&checkout=2025-05-17&dest_id=-2092770&dest_type=city&group_adults=2&req_adults=2&no_rooms=1&group_children=0&req_children=0&hpos=11&hapos=36&sr_order=popularity&srpvid=accc2f03d13f0307&srepoch=1746600078&all_sr_blocks=1078555902_380455346_2_2_0&highlighted_blocks=1078555902_380455346_2_2_0&matching_block_id=1078555902_380455346_2_2_0&sr_pri_blocks=1078555902_380455346_2_2_0__220000&from=searchresults
Hotel Icon,Chandīgarh,1 km from downtown,7.8,5200,https://www.booking.com/hotel/in/icon.html?aid=355028&ucfs=1&arphpl=1&checkin=2025-05-16&checkout=2025-05-17&dest_id=-2092770&dest_type=city&group_adults=2&req_adults=2&no_rooms=1&group_children=0&req_children=0&hpos=12&hapos=37&sr_order=popularity&srpvid=accc2f03d13f0307&srepoch=1746600078&all_sr_blocks=80421602_270620528_2_2_0_702066&highlighted_blocks=80421602_270620528_2_2_0_702066&matching_block_id=80421602_270620528_2_2_0_702066&sr_pri_blocks=80421602_270620528_2_2_0_702066_520000&from=searchresults
Hotel Cama,Chandīgarh,5.9 km from downtown,8.4,3960,https://www.booking.com/hotel/in/cama-mohali.html?aid=355028&ucfs=1&arphpl=1&checkin=2025-05-16&checkout=2025-05-17&dest_id=-2092770&dest_type=city&group_adults=2&req_adults=2&no_rooms=1&group_children=0&req_children=0&hpos=13&hapos=38&sr_order=popularity&srpvid=accc2f03d13f0307&srepoch=1746600078&all_sr_blocks=43004001_88882097_0_2_0&highlighted_blocks=43004001_88882097_0_2_0&matching_block_id=43004001_88882097_0_2_0&sr_pri_blocks=43004001_88882097_0_2_0__396000&from=searchresults
"The Oberoi Sukhvilas Spa Resort, New Chandigarh",Chandīgarh,15.4 km from downtown,9.4,29000,https://www.booking.com/hotel/in/the-oberoi-sukhvilas-resort-amp-spa.html?aid=355028&ucfs=1&arphpl=1&checkin=2025-05-16&checkout=2025-05-17&dest_id=-2092770&dest_type=city&group_adults=2&req_adults=2&no_rooms=1&group_children=0&req_children=0&hpos=14&hapos=39&sr_order=popularity&srpvid=accc2f03d13f0307&srepoch=1746600078&all_sr_blocks=198496601_407944455_2_2_0&highlighted_blocks=198496601_407944455_2_2_0&matching_block_id=198496601_407944455_2_2_0&sr_pri_blocks=198496601_407944455_2_2_0__2900000&from=searchresults
Mango Grove Hotel,Chandīgarh,3.2 km from downtown,6.3,4750,https://www.booking.com/hotel/in/mango-grove.html?aid=355028&ucfs=1&arphpl=1&checkin=2025-05-16&checkout=2025-05-17&dest_id=-2092770&dest_type=city&group_adults=2&req_adults=2&no_rooms=1&group_children=0&req_children=0&hpos=15&hapos=40&sr_order=popularity&srpvid=accc2f03d13f0307&srepoch=1746600078&all_sr_blocks=903488504_403723744_2_42_0_611396&highlighted_blocks=903488504_403723744_2_42_0_611396&matching_block_id=903488504_403723744_2_42_0_611396&sr_pri_blocks=903488504_403723744_2_42_0_611396_475000&from=searchresults
Hotel Central Park 17,Chandīgarh,0.8 km from downtown,7.3,2524,https://www.booking.com/hotel/in/central-park-17.html?aid=355028&ucfs=1&arphpl=1&checkin=2025-05-16&checkout=2025-05-17&dest_id=-2092770&dest_type=city&group_adults=2&req_adults=2&no_rooms=1&group_children=0&req_children=0&hpos=16&hapos=41&sr_order=popularity&srpvid=accc2f03d13f0307&srepoch=1746600078&all_sr_blocks=54347219_201008402_2_42_0&highlighted_blocks=54347219_201008402_2_42_0&matching_block_id=54347219_201008402_2_42_0&sr_pri_blocks=54347219_201008402_2_42_0__252366&from=searchresults
Hotel The Benz,Chandīgarh,8.5 km from downtown,6.6,1840,https://www.booking.com/hotel/in/the-benz.html?aid=355028&ucfs=1&arphpl=1&checkin=2025-05-16&checkout=2025-05-17&dest_id=-2092770&dest_type=city&group_adults=2&req_adults=2&no_rooms=1&group_children=0&req_children=0&hpos=17&hapos=42&sr_order=popularity&srpvid=accc2f03d13f0307&srepoch=1746600078&all_sr_blocks=1072056401_395954074_2_2_0&highlighted_blocks=1072056401_395954074_2_2_0&matching_block_id=1072056401_395954074_2_2_0&sr_pri_blocks=1072056401_395954074_2_2_0__184000&from=searchresults
Country Inn & Suites by Radisson Chandigarh Zirakpur,Chandīgarh,8.3 km from downtown,8.1,6949,https://www.booking.com/hotel/in/regenta-central-ashok.html?aid=355028&ucfs=1&arphpl=1&checkin=2025-05-16&checkout=2025-05-17&dest_id=-2092770&dest_type=city&group_adults=2&req_adults=2&no_rooms=1&group_children=0&req_children=0&hpos=18&hapos=43&sr_order=popularity&srpvid=accc2f03d13f0307&srepoch=1746600078&all_sr_blocks=44240316_89020492_2_41_0&highlighted_blocks=44240316_89020492_2_41_0&matching_block_id=44240316_89020492_2_41_0&sr_pri_blocks=44240316_89020492_2_41_0__694900&from=searchresults
FabExpress Diamond Sec 45,Chandīgarh,4.1 km from downtown,7.1,1159,https://www.booking.com/hotel/in/diamond-ring-chandigarh.html?aid=355028&ucfs=1&arphpl=1&checkin=2025-05-16&checkout=2025-05-17&dest_id=-2092770&dest_type=city&group_adults=2&req_adults=2&no_rooms=1&group_children=0&req_children=0&hpos=19&hapos=44&sr_order=popularity&srpvid=accc2f03d13f0307&srepoch=1746600078&all_sr_blocks=873027204_410205101_2_2_0_907644&highlighted_blocks=873027204_410205101_2_2_0_907644&matching_block_id=873027204_410205101_2_2_0_907644&sr_pri_blocks=873027204_410205101_2_2_0_907644_115900&from=searchresults
FabHotel Comfort 35,Chandīgarh,2.9 km from downtown,5.6,2877,https://www.booking.com/hotel/in/absolute-comfort.html?aid=355028&ucfs=1&arphpl=1&checkin=2025-05-16&checkout=2025-05-17&dest_id=-2092770&dest_type=city&group_adults=2&req_adults=2&no_rooms=1&group_children=0&req_children=0&hpos=20&hapos=45&sr_order=popularity&srpvid=accc2f03d13f0307&srepoch=1746600078&all_sr_blocks=77558607_410205717_2_2_0_907594&highlighted_blocks=77558607_410205717_2_2_0_907594&matching_block_id=77558607_410205717_2_2_0_907594&sr_pri_blocks=77558607_410205717_2_2_0_907594_287680&from=searchresults
The Kaptain's Retreat,Chandīgarh,2.3 km from downtown,8.7,5500,https://www.booking.com/hotel/in/the-kaptains-retreat.html?aid=355028&ucfs=1&arphpl=1&checkin=2025-05-16&checkout=2025-05-17&dest_id=-2092770&dest_type=city&group_adults=2&req_adults=2&no_rooms=1&group_children=0&req_children=0&hpos=21&hapos=46&sr_order=popularity&srpvid=accc2f03d13f0307&srepoch=1746600078&all_sr_blocks=1018379002_384567043_0_2_0&highlighted_blocks=1018379002_384567043_0_2_0&matching_block_id=1018379002_384567043_0_2_0&sr_pri_blocks=1018379002_384567043_0_2_0__550000&from=searchresults
Rebirth Hotel,Chandīgarh,5.2 km from downtown,7.0,1119,https://www.booking.com/hotel/in/rebirth.html?aid=355028&ucfs=1&arphpl=1&checkin=2025-05-16&checkout=2025-05-17&dest_id=-2092770&dest_type=city&group_adults=2&req_adults=2&no_rooms=1&group_children=0&req_children=0&hpos=22&hapos=47&sr_order=popularity&srpvid=accc2f03d13f0307&srepoch=1746600078&all_sr_blocks=773800001_398700708_2_42_0&highlighted_blocks=773800001_398700708_2_42_0&matching_block_id=773800001_398700708_2_42_0&sr_pri_blocks=773800001_398700708_2_42_0__111920&from=searchresults
Hotel Diamond Plaza,Chandīgarh,2.1 km from downtown,7.1,2698,https://www.booking.com/hotel/in/diamond-plaza.html?aid=355028&ucfs=1&arphpl=1&checkin=2025-05-16&checkout=2025-05-17&dest_id=-2092770&dest_type=city&group_adults=2&req_adults=2&no_rooms=1&group_children=0&req_children=0&hpos=23&hapos=48&sr_order=popularity&srpvid=accc2f03d13f0307&srepoch=1746600078&all_sr_blocks=54005601_274162994_0_42_0&highlighted_blocks=54005601_274162994_0_42_0&matching_block_id=54005601_274162994_0_42_0&sr_pri_blocks=54005601_274162994_0_42_0__269760&from=searchresults
Itsy Hotels GM Residency,Chandīgarh,5.5 km from downtown,6.6,1643,https://www.booking.com/hotel/in/oyo-63140-gm-residency.html?aid=355028&ucfs=1&arphpl=1&checkin=2025-05-16&checkout=2025-05-17&dest_id=-2092770&dest_type=city&group_adults=2&req_adults=2&no_rooms=1&group_children=0&req_children=0&hpos=24&hapos=49&sr_order=popularity&srpvid=accc2f03d13f0307&srepoch=1746600078&all_sr_blocks=602645404_397219828_2_1_0_34865&highlighted_blocks=602645404_397219828_2_1_0_34865&matching_block_id=602645404_397219828_2_1_0_34865&sr_pri_blocks=602645404_397219828_2_1_0_34865_164330&from=searchresults
Capital O Broadway,Chandīgarh,250 m from downtown,5.9,2984,https://www.booking.com/hotel/in/capital-o-36429-broadway.html?aid=355028&ucfs=1&arphpl=1&checkin=2025-05-16&checkout=2025-05-17&dest_id=-2092770&dest_type=city&group_adults=2&req_adults=2&no_rooms=1&group_children=0&req_children=0&hpos=25&hapos=50&sr_order=popularity&srpvid=accc2f03d13f0307&srepoch=1746600078&all_sr_blocks=775533002_375713148_2_42_0&highlighted_blocks=775533002_375713148_2_42_0&matching_block_id=775533002_375713148_2_42_0&sr_pri_blocks=775533002_375713148_2_42_0__298350&from=searchresults
Hometel Chandigarh,Chandīgarh,3.6 km from downtown,8.0,5000,https://www.booking.com/hotel/in/hometel.html?aid=355028&ucfs=1&arphpl=1&checkin=2025-05-16&checkout=2025-05-17&dest_id=-2092770&dest_type=city&group_adults=2&req_adults=2&no_rooms=1&group_children=0&req_children=0&hpos=1&hapos=51&sr_order=popularity&srpvid=accc2f03d13f0307&srepoch=1746600081&all_sr_blocks=34598706_366507238_2_42_0_434097&highlighted_blocks=34598706_366507238_2_42_0_434097&matching_block_id=34598706_366507238_2_42_0_434097&sr_pri_blocks=34598706_366507238_2_42_0_434097_500000&from=searchresults
Tulip Inn Zirakpur,Chandīgarh,8.5 km from downtown,6.6,4020,https://www.booking.com/hotel/in/sapphire-panchkula.html?aid=355028&ucfs=1&arphpl=1&checkin=2025-05-16&checkout=2025-05-17&dest_id=-2092770&dest_type=city&group_adults=2&req_adults=2&no_rooms=1&group_children=0&req_children=0&hpos=2&hapos=52&sr_order=popularity&srpvid=accc2f03d13f0307&srepoch=1746600081&all_sr_blocks=119513811_410267930_2_42_0&highlighted_blocks=119513811_410267930_2_42_0&matching_block_id=119513811_410267930_2_42_0&sr_pri_blocks=119513811_410267930_2_42_0__402000&from=searchresults
Itsy Hotels O3,Chandīgarh,2.5 km from downtown,6.0,1747,https://www.booking.com/hotel/in/oyo-19805-o3-chandigarh.html?aid=355028&ucfs=1&arphpl=1&checkin=2025-05-16&checkout=2025-05-17&dest_id=-2092770&dest_type=city&group_adults=2&req_adults=2&no_rooms=1&group_children=0&req_children=0&hpos=3&hapos=53&sr_order=popularity&srpvid=accc2f03d13f0307&srepoch=1746600081&all_sr_blocks=429084403_397219556_2_2_0_34859&highlighted_blocks=429084403_397219556_2_2_0_34859&matching_block_id=429084403_397219556_2_2_0_34859&sr_pri_blocks=429084403_397219556_2_2_0_34859_174681&from=searchresults
Hotel Apple Rose UCO BANK,Chandīgarh,5.2 km from downtown,7.7,809,https://www.booking.com/hotel/in/apple-rose-uco-bank.html?aid=355028&ucfs=1&arphpl=1&checkin=2025-05-16&checkout=2025-05-17&dest_id=-2092770&dest_type=city&group_adults=2&req_adults=2&no_rooms=1&group_children=0&req_children=0&hpos=4&hapos=54&sr_order=popularity&srpvid=accc2f03d13f0307&srepoch=1746600081&all_sr_blocks=1362723201_408573690_2_0_0&highlighted_blocks=1362723201_408573690_2_0_0&matching_block_id=1362723201_408573690_2_0_0&sr_pri_blocks=1362723201_408573690_2_0_0__80919&from=searchresults
HOTEL NEW APPLE ROSE Chandigarh near railway station dariya UCO bank ke pass,Chandīgarh,5.2 km from downtown,6.8,728,https://www.booking.com/hotel/in/new-apple-rose.html?aid=355028&ucfs=1&arphpl=1&checkin=2025-05-16&checkout=2025-05-17&dest_id=-2092770&dest_type=city&group_adults=2&req_adults=2&no_rooms=1&group_children=0&req_children=0&hpos=5&hapos=55&sr_order=popularity&srpvid=accc2f03d13f0307&srepoch=1746600081&all_sr_blocks=1112503401_384185214_2_2_0&highlighted_blocks=1112503401_384185214_2_2_0&matching_block_id=1112503401_384185214_2_2_0&sr_pri_blocks=1112503401_384185214_2_2_0__72819&from=searchresults
Hotel Royal Park 22,Chandīgarh,1 km from downtown,6.3,3039,https://www.booking.com/hotel/in/royal-park-22.html?aid=355028&ucfs=1&arphpl=1&checkin=2025-05-16&checkout=2025-05-17&dest_id=-2092770&dest_type=city&group_adults=2&req_adults=2&no_rooms=1&group_children=0&req_children=0&hpos=6&hapos=56&sr_order=popularity&srpvid=accc2f03d13f0307&srepoch=1746600081&all_sr_blocks=117396303_389126306_2_0_0&highlighted_blocks=117396303_389126306_2_0_0&matching_block_id=117396303_389126306_2_0_0&sr_pri_blocks=117396303_389126306_2_0_0__303920&from=searchresults
Hotel Oyster,Chandīgarh,0.7 km from downtown,7.0,5000,https://www.booking.com/hotel/in/oyster.html?aid=355028&ucfs=1&arphpl=1&checkin=2025-05-16&checkout=2025-05-17&dest_id=-2092770&dest_type=city&group_adults=2&req_adults=2&no_rooms=1&group_children=0&req_children=0&hpos=7&hapos=57&sr_order=popularity&srpvid=accc2f03d13f0307&srepoch=1746600081&all_sr_blocks=40377801_278758210_2_2_0&highlighted_blocks=40377801_278758210_2_2_0&matching_block_id=40377801_278758210_2_2_0&sr_pri_blocks=40377801_278758210_2_2_0__500000&from=searchresults
Hotel Downtown 17,Chandīgarh,350 m from downtown,7.3,4589,https://www.booking.com/hotel/in/downtown-17.html?aid=355028&ucfs=1&arphpl=1&checkin=2025-05-16&checkout=2025-05-17&dest_id=-2092770&dest_type=city&group_adults=2&req_adults=2&no_rooms=1&group_children=0&req_children=0&hpos=8&hapos=58&sr_order=popularity&srpvid=accc2f03d13f0307&srepoch=1746600081&all_sr_blocks=873960901_356236947_2_42_0&highlighted_blocks=873960901_356236947_2_42_0&matching_block_id=873960901_356236947_2_42_0&sr_pri_blocks=873960901_356236947_2_42_0__458910&from=searchresults
Super Hotel O Sector 45 formerly Manyavar,Chandīgarh,4.3 km from downtown,6.9,985,https://www.booking.com/hotel/in/manyavar.html?aid=355028&ucfs=1&arphpl=1&checkin=2025-05-16&checkout=2025-05-17&dest_id=-2092770&dest_type=city&group_adults=2&req_adults=2&no_rooms=1&group_children=0&req_children=0&hpos=9&hapos=59&sr_order=popularity&srpvid=accc2f03d13f0307&srepoch=1746600081&all_sr_blocks=872662902_380861150_2_0_0&highlighted_blocks=872662902_380861150_2_0_0&matching_block_id=872662902_380861150_2_0_0&sr_pri_blocks=872662902_380861150_2_0_0__98455&from=searchresults
Super Hotel O Continental Inn,Chandīgarh,3.8 km from downtown,6.7,1312,https://www.booking.com/hotel/in/oyo-5956-continental-inn-42.html?aid=355028&ucfs=1&arphpl=1&checkin=2025-05-16&checkout=2025-05-17&dest_id=-2092770&dest_type=city&group_adults=2&req_adults=2&no_rooms=1&group_children=0&req_children=0&hpos=10&hapos=60&sr_order=popularity&srpvid=accc2f03d13f0307&srepoch=1746600081&all_sr_blocks=321640002_258321012_2_42_0&highlighted_blocks=321640002_258321012_2_42_0&matching_block_id=321640002_258321012_2_42_0&sr_pri_blocks=321640002_258321012_2_42_0__131234&from=searchresults
Hotel The Yellow,Chandīgarh,3.8 km from downtown,6.6,1680,https://www.booking.com/hotel/in/the-yellow.html?aid=355028&ucfs=1&arphpl=1&checkin=2025-05-16&checkout=2025-05-17&dest_id=-2092770&dest_type=city&group_adults=2&req_adults=2&no_rooms=1&group_children=0&req_children=0&hpos=11&hapos=61&sr_order=popularity&srpvid=accc2f03d13f0307&srepoch=1746600081&all_sr_blocks=557369503_335394171_2_42_0&highlighted_blocks=557369503_335394171_2_42_0&matching_block_id=557369503_335394171_2_42_0&sr_pri_blocks=557369503_335394171_2_42_0__168000&from=searchresults
"Treebo Rockland, Zirakpur",Chandīgarh,9.4 km from downtown,5.0,1534,https://www.booking.com/hotel/in/capital-o-62837-olympus.html?aid=355028&ucfs=1&arphpl=1&checkin=2025-05-16&checkout=2025-05-17&dest_id=-2092770&dest_type=city&group_adults=2&req_adults=2&no_rooms=1&group_children=0&req_children=0&hpos=12&hapos=62&sr_order=popularity&srpvid=accc2f03d13f0307&srepoch=1746600081&all_sr_blocks=578457709_397219251_2_2_0_35220&highlighted_blocks=578457709_397219251_2_2_0_35220&matching_block_id=578457709_397219251_2_2_0_35220&sr_pri_blocks=578457709_397219251_2_2_0_35220_153430&from=searchresults
Hotel Orbit,Chandīgarh,4.2 km from downtown,6.0,2879,https://www.booking.com/hotel/in/orbit-chandigarh.html?aid=355028&ucfs=1&arphpl=1&checkin=2025-05-16&checkout=2025-05-17&dest_id=-2092770&dest_type=city&group_adults=2&req_adults=2&no_rooms=1&group_children=0&req_children=0&hpos=13&hapos=63&sr_order=popularity&srpvid=accc2f03d13f0307&srepoch=1746600081&all_sr_blocks=62854802_270837007_0_42_0&highlighted_blocks=62854802_270837007_0_42_0&matching_block_id=62854802_270837007_0_42_0&sr_pri_blocks=62854802_270837007_0_42_0__287910&from=searchresults
Luxurious Homestay- Chandīgarh,Chandīgarh,0.7 km from downtown,9.2,3938,https://www.booking.com/hotel/in/luxurious-apartment-chandigarh.html?aid=355028&ucfs=1&arphpl=1&checkin=2025-05-16&checkout=2025-05-17&dest_id=-2092770&dest_type=city&group_adults=2&req_adults=2&no_rooms=1&group_children=0&req_children=0&hpos=14&hapos=64&sr_order=popularity&srpvid=accc2f03d13f0307&srepoch=1746600081&all_sr_blocks=200673801_94313321_2_1_0&highlighted_blocks=200673801_94313321_2_1_0&matching_block_id=200673801_94313321_2_1_0&sr_pri_blocks=200673801_94313321_2_1_0__393750&from=searchresults
HOTEL AMBASSADOR SUKHNA LaKE CHANDIGARH,Chandīgarh,4 km from downtown,9.0,1350,https://www.booking.com/hotel/in/ambassador-chandigarh.html?aid=355028&ucfs=1&arphpl=1&checkin=2025-05-16&checkout=2025-05-17&dest_id=-2092770&dest_type=city&group_adults=2&req_adults=2&no_rooms=1&group_children=0&req_children=0&hpos=15&hapos=65&sr_order=popularity&srpvid=accc2f03d13f0307&srepoch=1746600081&all_sr_blocks=1102605405_383042449_2_0_0&highlighted_blocks=1102605405_383042449_2_0_0&matching_block_id=1102605405_383042449_2_0_0&sr_pri_blocks=1102605405_383042449_2_0_0__135000&from=searchresults
Treebo Sky 5,Chandīgarh,6.5 km from downtown,6.8,2346,https://www.booking.com/hotel/in/oyo-rooms-panchkula-sector-4.html?aid=355028&ucfs=1&arphpl=1&checkin=2025-05-16&checkout=2025-05-17&dest_id=-2092770&dest_type=city&group_adults=2&req_adults=2&no_rooms=1&group_children=0&req_children=0&hpos=16&hapos=66&sr_order=popularity&srpvid=accc2f03d13f0307&srepoch=1746600081&all_sr_blocks=151971505_397218876_2_33_0_35212&highlighted_blocks=151971505_397218876_2_33_0_35212&matching_block_id=151971505_397218876_2_33_0_35212&sr_pri_blocks=151971505_397218876_2_33_0_35212_234642&from=searchresults
Homely stay 2,Chandīgarh,5.4 km from downtown,9.0,1949,https://www.booking.com/hotel/in/homely-stay-2.html?aid=355028&ucfs=1&arphpl=1&checkin=2025-05-16&checkout=2025-05-17&dest_id=-2092770&dest_type=city&group_adults=2&req_adults=2&no_rooms=1&group_children=0&req_children=0&hpos=17&hapos=67&sr_order=popularity&srpvid=accc2f03d13f0307&srepoch=1746600081&all_sr_blocks=1360836501_408388520_2_0_0&highlighted_blocks=1360836501_408388520_2_0_0&matching_block_id=1360836501_408388520_2_0_0&sr_pri_blocks=1360836501_408388520_2_0_0__194935&from=searchresults
Hotel Golden Height2,Chandīgarh,4 km from downtown,5.5,509,https://www.booking.com/hotel/in/golden-height2.html?aid=355028&ucfs=1&arphpl=1&checkin=2025-05-16&checkout=2025-05-17&dest_id=-2092770&dest_type=city&group_adults=2&req_adults=2&no_rooms=1&group_children=0&req_children=0&hpos=18&hapos=68&sr_order=popularity&srpvid=accc2f03d13f0307&srepoch=1746600081&all_sr_blocks=1261416302_399100910_2_2_0&highlighted_blocks=1261416302_399100910_2_2_0&matching_block_id=1261416302_399100910_2_2_0&sr_pri_blocks=1261416302_399100910_2_2_0__50932&from=searchresults
Skyview Stays & Party Lawns,Chandīgarh,3.3 km from downtown,8.5,2176,https://www.booking.com/hotel/in/skyview-stays-amp-party-lawns.html?aid=355028&ucfs=1&arphpl=1&checkin=2025-05-16&checkout=2025-05-17&dest_id=-2092770&dest_type=city&group_adults=2&req_adults=2&no_rooms=1&group_children=0&req_children=0&hpos=19&hapos=69&sr_order=popularity&srpvid=accc2f03d13f0307&srepoch=1746600081&all_sr_blocks=1388299901_410827490_2_1_0&highlighted_blocks=1388299901_410827490_2_1_0&matching_block_id=1388299901_410827490_2_1_0&sr_pri_blocks=1388299901_410827490_2_1_0__217600&from=searchresults
New Chandigarh Holiday Home,Chandīgarh,3.2 km from downtown,8.4,1359,https://www.booking.com/hotel/in/new-chandigarh-holiday-home.html?aid=355028&ucfs=1&arphpl=1&checkin=2025-05-16&checkout=2025-05-17&dest_id=-2092770&dest_type=city&group_adults=2&req_adults=2&no_rooms=1&group_children=0&req_children=0&hpos=20&hapos=70&sr_order=popularity&srpvid=accc2f03d13f0307&srepoch=1746600081&all_sr_blocks=138360731_393942961_2_0_0&highlighted_blocks=138360731_393942961_2_0_0&matching_block_id=138360731_393942961_2_0_0&sr_pri_blocks=138360731_393942961_2_0_0__135900&from=searchresults
Maya Hotel,Chandīgarh,2.5 km from downtown,7.8,5500,https://www.booking.com/hotel/in/maya-chandigarh.html?aid=355028&ucfs=1&arphpl=1&checkin=2025-05-16&checkout=2025-05-17&dest_id=-2092770&dest_type=city&group_adults=2&req_adults=2&no_rooms=1&group_children=0&req_children=0&hpos=21&hapos=71&sr_order=popularity&srpvid=accc2f03d13f0307&srepoch=1746600081&all_sr_blocks=62854601_169281060_2_1_0&highlighted_blocks=62854601_169281060_2_1_0&matching_block_id=62854601_169281060_2_1_0&sr_pri_blocks=62854601_169281060_2_1_0__550000&from=searchresults
Hotel Starlet Prime,Chandīgarh,9.9 km from downtown,10.0,999,https://www.booking.com/hotel/in/amrita-grand-chandigarh.html?aid=355028&ucfs=1&arphpl=1&checkin=2025-05-16&checkout=2025-05-17&dest_id=-2092770&dest_type=city&group_adults=2&req_adults=2&no_rooms=1&group_children=0&req_children=0&hpos=22&hapos=72&sr_order=popularity&srpvid=accc2f03d13f0307&srepoch=1746600081&all_sr_blocks=1361444401_408453866_2_0_0&highlighted_blocks=1361444401_408453866_2_0_0&matching_block_id=1361444401_408453866_2_0_0&sr_pri_blocks=1361444401_408453866_2_0_0__99900&from=searchresults
Best Western Maryland,Chandīgarh,11.2 km from downtown,6.5,6090,https://www.booking.com/hotel/in/best-western-maryland.html?aid=355028&ucfs=1&arphpl=1&checkin=2025-05-16&checkout=2025-05-17&dest_id=-2092770&dest_type=city&group_adults=2&req_adults=2&no_rooms=1&group_children=0&req_children=0&hpos=23&hapos=73&sr_order=popularity&srpvid=accc2f03d13f0307&srepoch=1746600081&all_sr_blocks=42588007_397987320_2_42_0&highlighted_blocks=42588007_397987320_2_42_0&matching_block_id=42588007_397987320_2_42_0&sr_pri_blocks=42588007_397987320_2_42_0__609000&from=searchresults
FabHotel GP Royal,Chandīgarh,5 km from downtown,4.9,1404,https://www.booking.com/hotel/in/fabhotel-gpr-inn.html?aid=355028&ucfs=1&arphpl=1&checkin=2025-05-16&checkout=2025-05-17&dest_id=-2092770&dest_type=city&group_adults=2&req_adults=2&no_rooms=1&group_children=0&req_children=0&hpos=24&hapos=74&sr_order=popularity&srpvid=accc2f03d13f0307&srepoch=1746600081&all_sr_blocks=1252260201_410204521_2_0_0_907639&highlighted_blocks=1252260201_410204521_2_0_0_907639&matching_block_id=1252260201_410204521_2_0_0_907639&sr_pri_blocks=1252260201_410204521_2_0_0_907639_140400&from=searchresults
Hotel Bliss Stay,Chandīgarh,1.9 km from downtown,6.1,2300,https://www.booking.com/hotel/in/mirage-chandigarh1.html?aid=355028&ucfs=1&arphpl=1&checkin=2025-05-16&checkout=2025-05-17&dest_id=-2092770&dest_type=city&group_adults=2&req_adults=2&no_rooms=1&group_children=0&req_children=0&hpos=25&hapos=75&sr_order=popularity&srpvid=accc2f03d13f0307&srepoch=1746600081&all_sr_blocks=1168309003_389400764_2_2_0&highlighted_blocks=1168309003_389400764_2_2_0&matching_block_id=1168309003_389400764_2_2_0&sr_pri_blocks=1168309003_389400764_2_2_0__230000&from=searchresults
