Title,Channel,Views,Uploaded,Description,Link
Grand Theft Auto VI Trailer 2,Rockstar Games,83M views,1 day ago,"Vice City, USA. Jason and Lucia have always known the deck is stacked against them. But when an easy score goes wrong, they find themselves on the darkest side of the sunniest place in America,...",https://www.youtube.com/watch?v=VQRLujxTm3c
"‡§Æ‡•ã‡§π‡§ø‡§®‡•Ä ‡§è‡§ï‡§æ‡§¶‡§∂‡•Ä ‡§µ‡•ç‡§∞‡§§ ‡§ï‡§•‡§æ ‡§î‡§∞ ‡§Ü‡§∞‡§§‡•Ä ~ Ekadashi vrat katha,Ekadashi ki aarti | Ekadashi ki katha",VK MISHRA PRESENT,170K views,17 hours ago,"vaishakh shukla mohini Ekadashi vrat katha ekadashi vrat katha,mohini 'ekadashi vrat katha,mohini ekadashi,mohini ekadashi kab hai,mohini ekadashi vrat,mohini ekadashi ki katha,mohini ekadashi...",https://www.youtube.com/watch?v=aVaayiyhRmc
RJ Saurabh || Make Joke Of || MJO || Saurabh Shukla,Make Joke Of,1.4M views,1 day ago,Download HaaNaa: https://link.haanaa.com/MJO100 Promo Code: MJO100 See what happens when a Radio Jockey is stuck between crazy MJO callers and an over-demanding management. Watch RJ Saurabh...,https://www.youtube.com/watch?v=pZjcskYdO3M
BUILDING MY OWN CAR IN DESERT,Techno Gamerz,2.8M views,1 day ago,"BUILDING MY OWN CAR IN DESERT | DRIVE BEYOND HORIZONS #technogamerz Subscribe to our Second YouTube Channel: https://www.youtube.com/c/UjjwalGamer Share, Support, Subscribe!!! Subscribe:...",https://www.youtube.com/watch?v=8fkIXWhFi6U
LAAL PARI (Song): Yo Yo Honey Singh | Sajid Nadiadwala | Tarun Mansukhani | Housefull 5 - 6th June,T-Series,38M views,5 days ago,"Get your groove on with ""LAAL PARI (Song)"" from the India's Biggest Franchise ""Housefull 5"". Starring Akshay Kumar, Abhishek Bachchan, Riteish Deshmukh, Jacqueline Fernandez, Sonam Bajwa,...",https://www.youtube.com/watch?v=KGn-erOG-Bs
GENDER REVEAL VLOG üòç,Mr & Mrs Choudhary,1.4M views,1 day ago,Nishu Didi Vlogs Channel - https://www.youtube.com/@UCqv_Tij62X_jFSemp38chKA Fb page pe bhi Aa jao guys https://www.facebook.com/mrmrschoudhary Insta Channel Par Bhi Join Ho Jao Sab üòç...,https://www.youtube.com/watch?v=Ud6o69YjK4g
I Fulfilled 7 Wishes of 7 Familiesüòç,Fukra Insaan,3.5M views,3 days ago,Follow me on Instagram for updates ‚ûû https://instagram.com/fukra_insaan?igshid=jytojomgh8j4 Join my discord server ‚ûûhttps://discord.gg/Es7PVh4BAK My second youtube channel ‚ûû https://youtub...,https://www.youtube.com/watch?v=z04v92D81XI
Squid Game: Season 3 | Official Teaser | Netflix,Netflix,10M views,2 days ago,"It‚Äôs time to play the final games. Squid Game Season 3. June 27. Only on Netflix. More info on Squid Game Season 3: A failed rebellion, the death of a friend, and a secret betrayal. Picking...",https://www.youtube.com/watch?v=Lb6v6AUFWrM
‡§Æ‡•ã‡§π‡§ø‡§®‡•Ä ‡§è‡§ï‡§æ‡§¶‡§∂‡•Ä ‡§ï‡§•‡§æ : ‡§Ü‡§ú ‡§ï‡•á ‡§¶‡§ø‡§® ‡§Ø‡§π ‡§ö‡§Æ‡§§‡•ç‡§ï‡§æ‡§∞‡•Ä ‡§ï‡§•‡§æ ‡§∏‡•Å‡§®‡§®‡•á ‡§∏‡•á ‡§∏‡§≠‡•Ä ‡§Æ‡§®‡•ã‡§ï‡§æ‡§Æ‡§®‡§æ ‡§™‡•Ç‡§∞‡•ç‡§£ ‡§π‡•ã ‡§ú‡§æ‡§§‡•Ä ‡§π‡•à,Trimurti Bhakti,39K views,8 hours ago,#trimurtibhakti ‡§Æ‡•ã‡§π‡§ø‡§®‡•Ä ‡§è‡§ï‡§æ‡§¶‡§∂‡•Ä ‡§ï‡§•‡§æ : ‡§Ü‡§ú ‡§ï‡•á ‡§¶‡§ø‡§® ‡§Ø‡§π ‡§ö‡§Æ‡§§‡•ç‡§ï‡§æ‡§∞‡•Ä ‡§ï‡§•‡§æ ‡§∏‡•Å‡§®‡§®‡•á ‡§∏‡•á ‡§∏‡§≠‡•Ä ‡§Æ‡§®‡•ã‡§ï‡§æ‡§Æ‡§®‡§æ...,https://www.youtube.com/watch?v=3euHSx4aJIc
NEET 2025 - LIVE PAPER DISCUSSIONüî•,Competition Wallah,3M views,Streamed 3 days ago,Get Solution PDF & Answer Key ‚Äì http://tiny.cc/NEET2025-answerkeys Fill your NEET 2025 Exam Registration details : https://forms.gle/7QbQhn4v1RtoiCZ68 Rank predictor : https://www.pw.live/rank-...,https://www.youtube.com/watch?v=nXPX15FPfsE
Saying YES to Ruchika for 24 HOURS,Triggered Insaan,7M views,4 days ago,So I became Ruchika's assistant for a day (three actually) and it was the most eventful few days that followed. Instagram ‚ñ∫ https://www.instagram.com/triggeredinsaan Facebook ‚ñ∫ https://www.fa...,https://www.youtube.com/watch?v=bI3_3PX6PjQ
I Cheated in a TUNG TUNG SAHUR MOB BATTLE in Minecraft!!,Mc flame,628K views,2 days ago,I Cheated in a TUNG TUNG SAHUR MOB BATTLE in Minecraft Instagram üëá‚Ä¶ https://www.instagram.com/mc_flame01?igsh=MW9wdjJ5aDBxMTdqbw== ____________________________________ ü§ñ Join...,https://www.youtube.com/watch?v=FtJ2thF-6kk
Mummy Aur Shopping | Zakir Khan | Stand Up Comedy | Sukha Puri 9,Zakir Khan,3.4M views,4 days ago,Click here for the live show in your city: https://zakirkhanlive.in/,https://www.youtube.com/watch?v=-7TxYcgioxg
‡§∂‡§æ‡§Æ ‡§π‡•à ‡§ß‡•Å‡§Ü‡§Ç ‡§ß‡•Å‡§Ü‡§Ç Shaam Hai Dhuan Dhuan | Khesari Lal Yadav New Bhojpuri Song 2025 | T-Series,T-Series Hamaar Bhojpuri,11M views,5 days ago,"Presenting the latest Bhojpuri song ' Shaam Hai Dhuan Dhuan '. Listen to the song and show your love by liking, commenting and sharing the song. Song - Shaam Hai Dhuan Dhuan Singers - Khesari...",https://www.youtube.com/watch?v=BOlL5T2cbb8
Mere Room Mein 2 Bed üò≤ Kyu Laga Diye ?,Sourav Joshi Vlogs,3.4M views,1 day ago,Go and checkout these mamaearth products on - https://bit.ly/4lVl1Kp - Mamaearth https://amzn.to/3YquRd7 - Amazon https://bit.ly/3YXhWQ2 - Flipkart https://bit.ly/4jW5EiT - Nykaa https://bit.ly...,https://www.youtube.com/watch?v=q2Mxvk3JxoQ
NEET 2025 PAPER TOUGH - Life Barbad? Family Pressure? Depression? || Let's Talk,Physics Wallah - Alakh Pandey,2M views,Streamed 3 days ago,,https://www.youtube.com/watch?v=sqdwl8nfUXA
"‡§™‡§ü‡§®‡§æ ‡§π‡•â‡§∏‡•ç‡§ü‡§≤ ‡§á‡§® ‡§™‡•Å‡§£‡•á - ‡§∞‡§æ‡§§‡•ã‡§Ç-‡§∞‡§æ‡§§ ‡§µ‡§æ‡§Ø‡§∞‡§≤ | EP5 ft. Abhinav Anand, Anandeshwar Dwivedi | TSP",The Screen Patti,270K views,1 day ago,"Dosti ka tadka, hostel ka drama aur Patna ka swag ‚Äî Episode 5 mein mil raha hai sab kuch! Patna ke boys ka naya plan hai taiyaar ‚Äî iss baar target hai pura internet ka pyaar! Get ready...",https://www.youtube.com/watch?v=BSk6ezwfl-0
Bhool Chuk Maaf | Bonus Trailer | Rajkummar R | Wamiqa G | Dinesh V | Karan S | 9th May 2025,Maddock Films,4.9M views,2 days ago,"In light of recent events and heightened security measures across the nation, Maddock Films and Amazon MGM Studios are bringing 'Bhool Chuk Maaf' directly to Prime Video worldwide on May...",https://www.youtube.com/watch?v=8XuRLVBaKus
BroCode Roast Ft. @raviguptacomedy | S2. Ep1,Aashish Solanki,5.7M views,5 days ago,"Welcome back to the world of #Roastcomedy, with the first episode of BroCode Roast Show. Watch as #StandUpComedy artists @VivekSamtani @madhurvirli @comicsaurabh @badalshayrma @shreyapriyam83...",https://www.youtube.com/watch?v=9dX4h77PQV8
Kunali Ko Ye Kaise Lag Gayi ?‚òπÔ∏è,Sourav Joshi Vlogs,987K views,4 hours ago,Folllow me on Instagram- https://www.instagram.com/souravjoshivlogs/?hl=en I hope you enjoyed this video hit likes. And do subscribe to my channel Thank you so much for watching god bless...,https://www.youtube.com/watch?v=-mq1DqlUZ00
I CREATED A TIME MACHINE IN MINECRAFT!,ProBoiz 95,2.2M views,3 days ago,This is my First Ever Minecraft Short Film! How was it? Let me know in the comments :) Facebook - https://www.facebook.com/proboizz95 Instagram - https://www.instagram.com/proboiz_95 Twitter...,https://www.youtube.com/watch?v=haSjLEoSlzM
Civil Defence mock drills conducted across India,The Hindu,850K views,1 day ago,Police and volunteers conducted mock drills across the country to help the public prepare for emergency scenarios amid rising tensions with Pakistan following the Pahalgam terror attack. ...,https://www.youtube.com/watch?v=Ge9ycI_Zouk
"Panchayat Season 4 - Official Teaser | Jitendra Kumar, Neena Gupta, Raghubir Yadav | Prime Video IN",Prime Video India,4.7M views,4 days ago,"Prime Video India Presents Panchayat Season 4 Official Teaser Starring Jitendra Kumar, Neena Gupta, Raghubir Yadav, Faisal Malik, Chandan Roy, Sanvikaa Created by Deepak Kumar Mishra, Chandan...",https://www.youtube.com/watch?v=URBN7HNf7T4&pp=0gcJCYUJAYcqIYzv
Pranking My Family For 24 Hours Nonstopüò±ü§£,Akshay Rana,127K views,18 hours ago,#prank #prankvideo #vlog #vlogs #family #familyvlog #funny #funnyvideo Download Winzo üèÜ - https://winzo.onelink.me/gu8K/h981krm5 üéÆ2nd Chanel - https://youtu.be/C47NwDbtBhQ?si=SOE94vF85xMkPy...,https://www.youtube.com/watch?v=6UjGvVmDD9Q&pp=0gcJCYUJAYcqIYzv
NEW! Taarak Mehta Ka Ooltah Chashmah | Ep 4391 | 7 May 2025 | Teaser,Sony SAB,1.2M views,15 hours ago,Click here to subscribe to SAB: https://www.youtube.com/channel/UC6-F5tO8uklgE9Zy8IvbdFw?sub_confirmation=1 Episode 4391: Gogi Ka Online Course ----------------------------------------------------...,https://www.youtube.com/watch?v=sEANZlOs3NE
#‡§∂‡§æ‡§¶‡•Ä ‡§ï‡•á ‡§Æ‡§Ç‡§°‡§™ ‡§Æ‡•á‡§Ç ‡§¶‡•Å‡§≤‡•ç‡§π‡§® ‡§®‡•á ‡§ï‡•ç‡§Ø‡•ã‡§Ç ‡§™‡•Ä ‡§∂‡§∞‡§æ‡§¨ #‡§Ü‡§ó‡•á ‡§´‡§ø‡§∞ ‡§ï‡•ç‡§Ø‡§æ ‡§π‡•Å‡§Ü ‡§Ü‡§™ ‡§¶‡•á‡§ñ‡§ï‡§∞ ‡§π‡•à‡§∞‡§æ‡§® ‡§π‡•ã ‡§ú‡§æ‡§Ø‡•á‡§Ç‡§ó‡•á,Aim Entertainment,112K views,2 days ago,funny videos 2025 funny videos funny videos shorts funny videos try not to laugh funny videos telugu funny videos for kids funny videos comedy funny videos 2025 funny videos tamil funny videos...,https://www.youtube.com/watch?v=HrWiv4nW6pw
Rishta Pakka Samjhe? | Take A Break,Take A Break,1.6M views,4 days ago,"In Rishta Pakka Samjhe?, witness the ultimate face-off: two families, one living room, and the high-stakes game of Indian arranged marriage! üò¨üçµ When a boy's family visits a girl's house...",https://www.youtube.com/watch?v=UadmjNq-ipU
NEW! Taarak Mehta Ka Ooltah Chashmah | Ep 4390 | 6 May 2025 | Teaser,Sony SAB,2.1M views,1 day ago,Click here to subscribe to SAB: https://www.youtube.com/channel/UC6-F5tO8uklgE9Zy8IvbdFw?sub_confirmation=1 Episode 4390: Gogi Ka Online Course ----------------------------------------------------...,https://www.youtube.com/watch?v=PVezQvsfySQ
"Main Nachdi | Saunkan Saunkanay 2 | Ammy Virk, Sargun M, Nimrat K, Jasmeen, Kaptaan, Desi Crew",Tips Punjabi,3.4M views,2 days ago,"Get ready to groove with ‚ÄúMain Nachdi‚Äù, the latest track from Saunkan Saunkanay 2, featuring Ammy Virk, Sargun Mehta, and Nimrat Khaira. Sung by Jasmeen Akhtar and Nimrat Khaira, with lyrics...",https://www.youtube.com/watch?v=liSBnsXscf8&pp=0gcJCYUJAYcqIYzv
We played SCARY teacher for the first timeüòàHalat kharab krdi ft. @PragatiVermaa,Tripti Verma,117K views,19 hours ago,,https://www.youtube.com/watch?v=PAgdaC71iVM
Reacting to Our Old *POPULAR* Videos | Hungry Birds Reaction,Hungry Birds Inside,314K views,1 day ago,"We‚Äôre reacting to our old *POPULAR* videos! üé•üî• Watch our laugh, cringe, and relive the best (and funniest) moments from the past! üòÇüëÄ Don't forget to like, share, and subscribe...",https://www.youtube.com/watch?v=qVjIWZHhZq0
BUILDING A CAR IN REAL LIFE #2,TechShot,2.8M views,4 days ago,"BUILDING A CAR IN REAL LIFE #2 #technogamerz #ujjwal #car In Part 1, I built my own toy Mustang car from scratch and now it‚Äôs time to take it to the next level! In this video, I modify...",https://www.youtube.com/watch?v=xnDbTcUUpLU&pp=0gcJCYUJAYcqIYzv
NEW! Ep 4391 - Popatlal exposed Bhide's secret in front of everyone?! Tarak Mehta's Ooltah Chashmah,Taarak Mehta Ka Ooltah Chashmah,778K views,15 hours ago,"Gokuldham Society | Gada Electronics | Bonus | Financial Year Step into Jethalal‚Äôs world with Gada Electronics! Manage the shop, tackle quirky customers, and experience nonstop TMKOC-style...",https://www.youtube.com/watch?v=GeIKv2me19c
"Ting Ling Sajna | Bhool Chuk Maaf | Rajkummar Rao, Dhanashree | Tanishk, Irshad, Madhubanti Bagchi",Sony Music India,10M views,1 day ago,"Aag bhi hun main, Shola bhi hun üî• Main hi thanda paani! üåä Presenting the fourth single ‚ÄòTing Ling Sajna‚Äô from ‚ÄòBhool Chuk Maaf‚Äô, featuring Rajkummar Rao and Dhanashree! Composed...",https://www.youtube.com/watch?v=we3ups002uc
Ye Bacha Cycle Pe Milne Aagya üò≤ Akele,Sourav Joshi Vlogs,3.8M views,2 days ago,Folllow me on Instagram- https://www.instagram.com/souravjoshivlogs/?hl=en I hope you enjoyed this video hit likes. And do subscribe to my channel Thank you so much for watching god bless...,https://www.youtube.com/watch?v=Tah90ZGiU-0
#COOLIE - 100 Days to Go | Superstar Rajinikanth | Sun Pictures | Lokesh | Anirudh,Sun TV,2.9M views,1 day ago,"Arangam Adhirattume, Whistle Parakkattume!üî•üí• #CoolieIn100Days ‚è≥ #Coolie worldwide from August 14th üòé #superstarrajinikanth #lokeshkanagaraj #sunpictures #anirudh #anirudhmusic...",https://www.youtube.com/watch?v=EptnMYijPjc
Find The IPL CRICKETER | Sach Ya Scam | SlayyPop,SlayyPop,1.3M views,3 days ago,We tried finding the real cricketer out of the 4 participants selected by our team. IPL ke time pe sab kahani bana rahe hai. Instagram - @Abhyudaya_Mohan & @GautamiKawale https://www.instagram.co...,https://www.youtube.com/watch?v=15SlIuXzd3g
Sara‚Äôs 12th Board Result is out ü´¢ | Gharwalo ka Reaction,Saba Ibrahim,1.5M views,1 day ago,Use code SAB2025 to get 20% off on mamaearth's wesbite & app Checkout Mamaearth's amazing Ubtan Detan Pack Mamaearth Link: https://bit.ly/4lVGrHm Amazon Link: https://amzn.to/43a7ffy Flipkart...,https://www.youtube.com/watch?v=LvPIx7Ziepo
Kedara | Hansraj Raghuwanshi | Official Music Video | Kedarnath Baba,Hansraj Raghuwanshi,465K views,3 days ago,Kedara | Hansraj Raghuwanshi | Official Music Video | Kedarnath Baba #kedara #hansrajraghuwanshi #kedarnath #shivbhajan __________ ‚ñ∫ Produced By Bholenath Ji __________ üé¨ Credits: ‚ûü...,https://www.youtube.com/watch?v=V8VKLgh0PbY
"Yeh Rishta Kya Kehlata Hai: üòØ Ruhi ‡§ï‡•ã ‡§≤‡§ó‡•á‡§ó‡§æ ‡§ù‡§ü‡§ï‡§æ, Daksh ‡§ï‡§æ ‡§∞‡§æ‡§ú ‡§¨‡§¶‡§≤‡•á‡§ó‡§æ ‡§∏‡§¨‡§ï‡•Ä ‡§ú‡§ø‡§Ç‡§¶‡§ó‡•Ä #hotnews",Saas Bahu aur Saazish,550K views,3 days ago,"#YeRishtaKyaKehelataHai #YRKKH #SaasBahuAurSaazish #SBS #abhira #armaan *Yeh Rishta Kya Kehlata Hai* is a long-running Indian television drama that explores family relationships, love, and...",https://www.youtube.com/watch?v=PYnvCyzlUvQ
NEW! Ep 4389 - Will the Gokuldham residents forgive Gogi?! | Tarak Mehta's Ooltah Chashmah,Taarak Mehta Ka Ooltah Chashmah,2.8M views,2 days ago,"Gokuldham Society | Gada Electronics | Bonus | Financial Year Step into Jethalal‚Äôs world with Gada Electronics! Manage the shop, tackle quirky customers, and experience nonstop TMKOC-style...",https://www.youtube.com/watch?v=7zhkSVMA0a8
HACKER LEVEL! SOLO VS SQUAD GAMEPLAY | GARENA FREE FIRE,Total Gaming,2.5M views,5 days ago,HACKER LEVEL! AJJUBHAI SOLO VS SQUAD NEW BEST GAMEPLAY | GARENA FREE FIRE üéÆPoppy Playtime Hindi: https://youtu.be/fXHZktjfmoU?si=8-adrtJq5DAoruen üì∑ Instagram: https://www.instagram.com/total...,https://www.youtube.com/watch?v=8iZ8XOUybIc&pp=0gcJCYUJAYcqIYzv
‡§ñ‡•Å‡§∂‡•Ä ‡§ï‡§æ ‡§ñ‡§§‡§∞‡§®‡§æ‡§ï ‡§∑‡§°‡•ç‡§Ø‡§Ç‡§§‡•ç‡§∞! ‡§ï‡•ç‡§Ø‡§æ ‡§ï‡§∞‡•á‡§ó‡§æ ‡§≠‡§æ‡§∞‡§¶‡•ç‡§µ‡§æ‡§ú ‡§™‡§∞‡§ø‡§µ‡§æ‡§∞? | Sasural Simar Ka | Colors Rishtey,Colors Rishtey,86K views,1 day ago,‡§ñ‡•Å‡§∂‡•Ä ‡§ï‡§æ ‡§ñ‡§§‡§∞‡§®‡§æ‡§ï ‡§∑‡§°‡•ç‡§Ø‡§Ç‡§§‡•ç‡§∞! ‡§ï‡•ç‡§Ø‡§æ ‡§ï‡§∞‡•á‡§ó‡§æ ‡§≠‡§æ‡§∞‡§¶‡•ç‡§µ‡§æ‡§ú ‡§™‡§∞‡§ø‡§µ‡§æ‡§∞? | Sasural Simar Ka | Colors Rishtey To subscribe...,https://www.youtube.com/watch?v=onnUvIsbDmc
ULTRA CALC BATCH | Zero Se ‡§∂‡•Å‡§∞‡•Å‡§Ü‡§§ | Special Announcement By Abhinay Sharma #abhinaysir,Abhinay Maths,98K views,Streamed 1 day ago,SSC 2025 Full Preparation Plan | Zero Se ‡§∂‡•Å‡§∞‡•Å‡§Ü‡§§ | Special For You #abhinaysir Title- How to boost your score ? 100% in maths | do‚Äôs & don‚Äôts | Abhinay Sharma Are you preparing...,https://www.youtube.com/watch?v=V3ZJ3LGtxa4
"Delhi vs Hyderabad IPL 2025 Full Match Highlights, DC vs SRH IPL 2025 FULL HIGHLIGHTS",Sports Edge Cricket,563K views,2 days ago,#HIGHLIGHTS #LIVE #IndiavsAustralia #Indvsauswtcfinal #indvsaus2023 #Ipl2023 #RohitSharma #ViratKohli #JaspritBumrah #RishabhPant #HardikPandya #RavindraJadeja #Shardulthakur...,https://www.youtube.com/watch?v=v81cJzB51wA
üî¥BREAKING: ROHIT SHARMA RETIRES FROM TEST | Rohit says Will Continue To Play in ODIs,Sports Tak,234K views,Streamed 17 hours ago,"‡§≠‡§æ‡§∞‡§§‡•Ä‡§Ø ‡§ü‡•Ä‡§Æ ‡§ï‡•á ‡§®‡§ø‡§Ø‡§Æ‡§ø‡§§ ‡§ï‡§™‡•ç‡§§‡§æ‡§®, Rohit Sharma ‡§®‡•á ‡§ü‡•á‡§∏‡•ç‡§ü ‡§ï‡•ç‡§∞‡§ø‡§ï‡•á‡§ü ‡§∏‡•á ‡§∏‡§Ç‡§®‡•ç‡§Ø‡§æ‡§∏ ‡§≤‡•á‡§®‡•á ‡§ï‡•Ä ‡§ò‡•ã‡§∑‡§£‡§æ...",https://www.youtube.com/watch?v=W7ys7b5N224
NEW! Taarak Mehta Ka Ooltah Chashmah | Ep 4389 | 5 May 2025 | Teaser,Sony SAB,2.2M views,2 days ago,Click here to subscribe to SAB: https://www.youtube.com/channel/UC6-F5tO8uklgE9Zy8IvbdFw?sub_confirmation=1 Episode 4389: Gogi Ka Online Course ----------------------------------------------------...,https://www.youtube.com/watch?v=BiX7lrDIJy8
The Final Look Of My Modified BMW üî•,SOUL Regaltos,293K views,1 day ago,üò∫,https://www.youtube.com/watch?v=RXfMx9oWM9U&pp=0gcJCYUJAYcqIYzv
A day with UPSC Aspirants | Satish Ray in Mukherji Nagar @unacademy,Satish Ray,591K views,4 days ago,Satish Ray visits Mukherji Nagar to understand the life of UPSC aspirants and their dreams and struggle. This video explores the humor in the tough life of students living away from their home....,https://www.youtube.com/watch?v=UgOpfIHjCFA
My BMW Got a Crazy Makeover - New Wrap + Modifications üò±,SOUL Regaltos,385K views,2 days ago,üò∫,https://www.youtube.com/watch?v=Y5mLs__MkwI
Housefull 5 | Official Teaser | Sajid Nadiadwala | Tarun Mansukhani | In Cinemas on 6th June 2025,NadiadwalaGrandson,8.8M views,8 days ago,"15 Years Ago Today..... The Madness Began! üî• India's Biggest Franchise is back with the 5th instalment, and this time it is not just chaos and comedy.... But a KILLER Comedy! üé≠üî™ ...",https://www.youtube.com/watch?v=e2eX1HGeBFE&pp=0gcJCYUJAYcqIYzv
Power Star Pawan Singh - Ghaghari Official Bhojpuri Song 2025 Ft. Shweta Sharma | T-Series,T-Series Hamaar Bhojpuri,21M views,2 weeks ago,"Presenting the Bhojpuri Song 'Ghaghari '. Listen to the song and show your love by liking, commenting and sharing the song. Song - Ghaghari Singers - Power Star Pawan Singh / Shilpi Raj ...",https://www.youtube.com/watch?v=QeR2Sk8Esgk
"‡§Æ‡§π‡§ø‡§Æ‡§æ ‡§ö‡•å‡§ß‡§∞‡•Ä ‡§∏‡§®‡•Ä ‡§¶‡•á‡§ì‡§≤ ‡§ï‡•á ‡§∏‡§æ‡§• ‡§∂‡§æ‡§¶‡•Ä ‡§ï‡§∞‡§®‡•á ‡§ï‡•á ‡§≤‡§ø‡§è ‡§∞‡§æ‡§ú‡•Ä ‡§π‡•ã ‡§ó‡§à | Sunny Deol, Mahima | Pyaar Koi Khel Nahin",Venus Movies,3.1M views,7 days ago,#pyarkoikhelnahin #sunnydeol #apurvaagnihotri #mahimachaudhry #romantic Movie : Pyaar Koi Khel Nahin Director : Subhash Sehgal Producer : Sibte Hassan Rizvi Writer : Subhash Sehgal Starcast...,https://www.youtube.com/watch?v=gN-bqBkKzXs&pp=0gcJCYUJAYcqIYzv
"Panchayat Season 4 - Official Teaser | Jitendra Kumar, Neena Gupta, Raghubir Yadav | Prime Video IN",Prime Video India,4.7M views,4 days ago,"Prime Video India Presents Panchayat Season 4 Official Teaser Starring Jitendra Kumar, Neena Gupta, Raghubir Yadav, Faisal Malik, Chandan Roy, Sanvikaa Created by Deepak Kumar Mishra, Chandan...",https://www.youtube.com/watch?v=URBN7HNf7T4
22 Boyfriends | Crowd Work | Stand Up Comedy | Ft @Harshgujral,Harsh gujral,3.8M views,7 days ago,"This Video is a Crowd Work Standup Comedy video from one of my Shows in Gurgaon. Main Characters of the video are One Income Tax Officer, a 40yr old Single Lady ,3 Baniya Boys and a 28Yr old...",https://www.youtube.com/watch?v=MwsHgn_jdIY&pp=0gcJCYUJAYcqIYzv
Indian Schools & Board Exams Ft Coaching,NOT YOUR TYPE,8.1M views,12 days ago,"üëë Quick to start, easy to use - trade on Binomo and earn up to ‚Çπ5000 per day: https://binomo.click/notyourtype Use my promocode: NOTYOURTYPE1 and get 50% bonus on your first deposit! üòé...",https://www.youtube.com/watch?v=uIxOL9fKfEk
#Video | ‡§¨‡§¶‡§®‡§æ‡§Æ ‡§∏‡§≤‡§æ‡§à ‡§¨‡§æ |#Neelkamal Singh Sad Song | Badnaam Salai Ba| ‡§®‡•Ä‡§≤‡§ï‡§Æ‡§≤ ‡§∏‡§ø‡§Ç‡§π| Bhojpuri Sad Song,T-Series Hamaar Bhojpuri,8.5M views,7 days ago,Song - Badnaam Salai ba Singer - Neelkamal Singh Feat - Neha Pathak Lyrics - Ashutosh Tiwari Music - Aashish Verma Recordist - Brajesh Bagi Video by - brotherhood films Director- Sumit kumar...,https://www.youtube.com/watch?v=j5sVk0ayAdM
BUILDING A CAR IN REAL LIFE #2,TechShot,2.8M views,4 days ago,"BUILDING A CAR IN REAL LIFE #2 #technogamerz #ujjwal #car In Part 1, I built my own toy Mustang car from scratch and now it‚Äôs time to take it to the next level! In this video, I modify...",https://www.youtube.com/watch?v=xnDbTcUUpLU
Disturbance | Crowd Work | Stand Up Comedy | Ft @AnubhavSinghBassi,be_a_bassi,5M views,9 days ago,"Main jis din record karta hu usi din sabse zyada disturb hota hu. Join the be_a_bassi email list for all the early updates for live shows, new videos, merchandise etc., register karlo shabash....",https://www.youtube.com/watch?v=1Jj4T_HKSQE
HACKER LEVEL! SOLO VS SQUAD GAMEPLAY | GARENA FREE FIRE,Total Gaming,2.5M views,5 days ago,HACKER LEVEL! AJJUBHAI SOLO VS SQUAD NEW BEST GAMEPLAY | GARENA FREE FIRE üéÆPoppy Playtime Hindi: https://youtu.be/fXHZktjfmoU?si=8-adrtJq5DAoruen üì∑ Instagram: https://www.instagram.com/total...,https://www.youtube.com/watch?v=8iZ8XOUybIc
"Phulera Ka Panchayati Raj | Alhua Vikas ft. Neena Gupta, Faisal Malik, Chandan Roy, Durgesh Kumar",The Viral Fever,6.8M views,13 days ago,Phulera mein banne wala hain Bhandaar Ghar par kya har baar ki tarah iss baar bhi Banrakas ko hogi Pradhan ji ke iss kaam se dikkat? Ab Phulera mein hoga vikas ya Banrakas ek baar phir kahega...,https://www.youtube.com/watch?v=KRW8Nu9Wivs
Every Foodie Ever | Ft. Tena Jaiin | The Paayal Jain,The Paayal Jain,1.8M views,7 days ago,Hey Guys This video shows all the funny things happens with Every Food Lover . Also guys Check out MamaEarth's Lemon Shampoo + Conditioner : Mamaearth : https://bit.ly/4i3JYQO (Use our code...,https://www.youtube.com/watch?v=TBFWUqf1gKY
Scariest Night of my Parent's LIVES,Wanderers Hub,3.8M views,8 days ago,Get your invoices ready for free on Odoo - https://www.odoo.com/r/khjE SUBSCRIBE!!! . . Read my travel stories: https://www.wanderershub.com/ Facebook - https://www.facebook.com/WHtravel/...,https://www.youtube.com/watch?v=V9HPoG6VhAQ
Complete Class 12th PHYSICS Paper Decoding by MR Sir - NEET 2025 || PhysicsWallah,Physics Wallah - Alakh Pandey,3.5M views,Streamed 9 days ago,00:00 - Introduction 04:20 - Topics to be covered 08:27 - Modern physics 52:16 - Atoms 1:11:12 - Nuclei 1:46:24 - Semiconductors 2:33:47 - Electric Charges And Fields 3:19:00 - Break 3:29:45...,https://www.youtube.com/watch?v=f8_iA_WMHbQ
DIGGING A HOLE IN MY BACKYARD,Techno Gamerz,5.9M views,10 days ago,"DIGGING A HOLE IN MY BACKYARD | A GAME ABOUT DIGGING A HOLE #technogamerz Subscribe to our Second YouTube Channel: https://www.youtube.com/c/UjjwalGamer Share, Support, Subscribe!!! Subscribe:...",https://www.youtube.com/watch?v=te8TnCQhQBQ
Badshah - Galiyon ke Ghalib | Simona J. (Official Music Video),Badshah,41M views,8 days ago,"Turn up the volume and hit the floor - ""Galiyon Ke Ghalib"" is THE dance banger of the year you‚Äôve been waiting for! Own the floor and Dance with me on #galiyonkeghalib #badshah Audio Credits...",https://www.youtube.com/watch?v=AOWrGJcNdoE
Drunk Prank On Armaan,Malik Vlogs,2M views,8 days ago,#armaanmalik #payalmalik #kritikamalik #chirayumalik #vlog Slimming Kit:- https://www.amazon.in/dp/B0DQCL445N Shampoo:- https://www.meesho.com/blommac-shampoo/p/7pssx6 Conditioner:- https://www.me...,https://www.youtube.com/watch?v=VwRH9LmAf38
Find The IPL CRICKETER | Sach Ya Scam | SlayyPop,SlayyPop,1.3M views,3 days ago,We tried finding the real cricketer out of the 4 participants selected by our team. IPL ke time pe sab kahani bana rahe hai. Instagram - @Abhyudaya_Mohan & @GautamiKawale https://www.instagram.co...,https://www.youtube.com/watch?v=15SlIuXzd3g&pp=0gcJCYUJAYcqIYzv
India's KOREAN Craze is Out Of Control,Slayy Point,6.7M views,12 days ago,"Follow Yechan - https://www.instagram.com/40kahani/?hl=en @40KAHANI Thank you for coming all the way from Seoul, South Korea to make this video happen! We talk about the Korean craze in India...",https://www.youtube.com/watch?v=G6NVxIKyMEQ
Guru Randhawa - QATAL - (Official Video),Guru Randhawa,23M views,2 weeks ago,‚ÄúWITHOUT PREJUDICE‚Äù Full Album available everywhere now. Spotify : https://open.spotify.com/album/1wspMsQ2eMXqo5gs6vEHzi Apple Music : https://music.apple.com/us/album/without-prejudice/180286...,https://www.youtube.com/watch?v=c-FKlE3_kHo
Shinchan Zombie Train Escape! üò±,Tyro Gaming,1M views,6 days ago,Shinchan Zombie Train Escape! üò± Subscribe Subscribe Subscribe Subscribe Thanks For Watching üéà ~Tyro Gaming Dead Rails Funny Game Roblox Roblox Dead Rails Dead Rails...,https://www.youtube.com/watch?v=kozvet0RDeo&pp=0gcJCYUJAYcqIYzv
Mithi Bole Bangro (Official Video) Masoom Sharma | Sapna Choudhary | New Haryanvi Song 2025,Sonotek Music,6.3M views,2 weeks ago,Mithi Bole Bangro (Official Video) Masoom Sharma | Sapna Choudhary | New Haryanvi Song 2025 | Sonotek Music Subscribe Us - @sonotekmusic ‡§Ü‡§™ ‡§∏‡§¨ ‡§á‡§∏ ‡§ó‡§æ‡§®‡•á ‡§ï‡§æ Reels ‡§¨‡§®‡§æ...,https://www.youtube.com/watch?v=Jx3hBQBIPd0
Teacher You Tube Live Session, NIPUN Bharat | Uttar Pradesh,254K views,Streamed 6 days ago,____________________________ Connect with Mission Prerna ¬ª Subscribe to Mission Prerna : https://bit.ly/prernaytsub ¬ª Like us on Facebook: https://www.facebook.com/basicshikshaup ¬ª Tweet...,https://www.youtube.com/watch?v=6bMVSkMTEms
Our Son's EPIC Birthday Party Surprise,Wanderers Hub,4.2M views,12 days ago,"We celebrated our 2 year old's epic birthday party with our family. The day was full of fun, food and lots of dance. Book your stay at this beautiful place : https://www.sheherbagh.com/ https://www...",https://www.youtube.com/watch?v=d6gUcdrGsdM&pp=0gcJCYUJAYcqIYzv
Find the Invisible Man Challenge!,Mythpat,1.5M views,5 days ago,Today we play GTA 5 with @urmilaaa and we play the Invisible Challenge. In this challenge we play GTA online and we play Invisible Hide and seek in Grand Theft Auto 5. Hope you enjoy this funny...,https://www.youtube.com/watch?v=wmY4FDPBwSU
Aayush Sharma Aur Arpita Khan Ka Lavish Ghar Aur Himachali Mutton Recipe! @FarahKhanK,Farah Khan,6.1M views,12 days ago,"Aaj ke video mein hum jaane wale hai Aayush Sharma & Arpita Khan ke beautiful ghar ki taraf! Karenge unke lavish home ka exclusive tour, baatein hongi personal life se judi, aur banayenge Himachali...",https://www.youtube.com/watch?v=0y0QBipTWF0
Katamarayudu (HD) - Pawan Kalyan Blockbuster Action Comedy Romantic Movie | Shruti Haasan,Goldmines,5.2M views,2 weeks ago,"Katamarayudu and his brothers settle the issues in a violent way. Katamarayudu hates love and marriage as that sours their relationship. Though being stubborn, Katamaarayudu ' s brothers fall...",https://www.youtube.com/watch?v=x_edrxN44Rs&pp=0gcJCYUJAYcqIYzv
"Chor Bazari Phir Se | Bhool Chuk Maaf | Rajkummar, Wamiqa | Pritam, Tanishk, Irshad, Neeraj, Sunidhi",Sony Music India,25M views,13 days ago,"Chor bazaari do nainon kee, Pehle thi aadat jo hat gayi! Presenting the highly awaited ‚ÄòChor Bazari Phir Se‚Äô from ‚ÄòBhool Chuk Maaf‚Äô, featuring Rajkummar Rao and Wamiqa Gabbi! Composed...",https://www.youtube.com/watch?v=w_EQg4TO1Nc
"Dream VS Daquavis $100,000 PvP Duel",Dream,7.7M views,4 days ago,"Dream VS Daquavis $100,000 PvP Duel. This is the PvP challenge, the first challenge in our duel. Next is the 10 skills challenge. Who will win? Follow my socials: ‚ûΩ Twitter - @dreamwastaken...",https://www.youtube.com/watch?v=hlTGjc7Gn04
